{ 
	"sys"	: 
	{
		"_version_ChSystemNSC"	: 0,
		"_version_class_chrono__ChSystem"	: 0,
		"assembly"	: 
		{
			"_version_ChAssembly"	: 0,
			"_version_ChPhysicsItem"	: 0,
			"_version_class_chrono__ChObj"	: 0,
			"m_name"	: "",
			"m_tag"	: -1,
			"ChTime"	: 0,
			"visual_model"	: 
			{ 
				"_reference_ID"	: 0
			},
			"cameras"	: 
			[ 
			],
			"bodies"	: 
			[ 
				{ 
					"_type"	: "ChBodyAuxRef",
					"_object_ID"	: 1,
					"_version_ChBodyAuxRef"	: 0,
					"_version_ChBody"	: 0,
					"m_name"	: "SLDW_GROUND",
					"m_tag"	: -1,
					"ChTime"	: 0,
					"visual_model"	: 
					{ 
						"_reference_ID"	: 0
					},
					"cameras"	: 
					[ 
					],
					"_version_class_chrono__ChBodyFrame"	: 0,
					"_version_class_chrono__ChFrameMoving_double_"	: 0,
					"_version_class_chrono__ChFrame_double_"	: 0,
					"m_csys"	: 
					{
						"_version_class_chrono__ChCoordsys_double_"	: 0,
						"pos"	: 
						{
							"_version_class_chrono__ChVector3_double_"	: 0,
							"x"	: 0,
							"y"	: 0,
							"z"	: 0
						},
						"rot"	: 
						{
							"_version_class_chrono__ChQuaternion_double_"	: 0,
							"e0"	: 1,
							"e1"	: 0,
							"e2"	: 0,
							"e3"	: 0
						}
					},
					"m_csys_dt"	: 
					{
						"pos"	: 
						{
							"x"	: 0,
							"y"	: 0,
							"z"	: 0
						},
						"rot"	: 
						{
							"e0"	: 0,
							"e1"	: 0,
							"e2"	: 0,
							"e3"	: 0
						}
					},
					"m_csys_dtdt"	: 
					{
						"pos"	: 
						{
							"x"	: 0,
							"y"	: 0,
							"z"	: 0
						},
						"rot"	: 
						{
							"e0"	: 0,
							"e1"	: 0,
							"e2"	: 0,
							"e3"	: 0
						}
					},
					"fixed"	: true,
					"collide"	: false,
					"limit_speed"	: false,
					"disable_gyrotorque"	: false,
					"is_sleeping"	: false,
					"allow_sleeping"	: true,
					"candidate_sleeping"	: false,
					"markers"	: 
					[ 
					],
					"forces"	: 
					[ 
					],
					"collision_model"	: 
					{ 
						"_reference_ID"	: 0
					},
					"gyro"	: 
					{
						"x"	: 0,
						"y"	: 0,
						"z"	: 0
					},
					"Xforce"	: 
					{
						"x"	: 0,
						"y"	: 0,
						"z"	: 0
					},
					"Xtorque"	: 
					{
						"x"	: 0,
						"y"	: 0,
						"z"	: 0
					},
					"variables"	: 
					{
						"_version_ChVariablesBodyOwnMass"	: 0,
						"_version_class_chrono__ChVariables"	: 0,
						"ndof"	: 6,
						"disabled"	: true,
						"offset"	: 0,
						"mass"	: 1,
						"inertia"	: 
						{
							"_version_class_chrono__ChMatrix_dense_version_tag"	: 1,
							"rows"	: 3,
							"columns"	: 3,
							"data"	: 
							[ 
								1,
								0,
								0,
								0,
								1,
								0,
								0,
								0,
								1
							]
						}
					},
					"max_speed"	: 0.5,
					"max_wvel"	: 6.28319,
					"sleep_time"	: 0.6,
					"sleep_minspeed"	: 0.1,
					"sleep_minwvel"	: 0.04,
					"sleep_starttime"	: 0,
					"ref_to_com"	: 
					{
						"m_csys"	: 
						{
							"pos"	: 
							{
								"x"	: 0,
								"y"	: 0,
								"z"	: 0
							},
							"rot"	: 
							{
								"e0"	: 1,
								"e1"	: 0,
								"e2"	: 0,
								"e3"	: 0
							}
						},
						"m_csys_dt"	: 
						{
							"pos"	: 
							{
								"x"	: 0,
								"y"	: 0,
								"z"	: 0
							},
							"rot"	: 
							{
								"e0"	: 0,
								"e1"	: 0,
								"e2"	: 0,
								"e3"	: 0
							}
						},
						"m_csys_dtdt"	: 
						{
							"pos"	: 
							{
								"x"	: 0,
								"y"	: 0,
								"z"	: 0
							},
							"rot"	: 
							{
								"e0"	: 0,
								"e1"	: 0,
								"e2"	: 0,
								"e3"	: 0
							}
						}
					},
					"ref_to_abs"	: 
					{
						"m_csys"	: 
						{
							"pos"	: 
							{
								"x"	: 0,
								"y"	: 0,
								"z"	: 0
							},
							"rot"	: 
							{
								"e0"	: 1,
								"e1"	: 0,
								"e2"	: 0,
								"e3"	: 0
							}
						},
						"m_csys_dt"	: 
						{
							"pos"	: 
							{
								"x"	: 0,
								"y"	: 0,
								"z"	: 0
							},
							"rot"	: 
							{
								"e0"	: 0,
								"e1"	: 0,
								"e2"	: 0,
								"e3"	: 0
							}
						},
						"m_csys_dtdt"	: 
						{
							"pos"	: 
							{
								"x"	: 0,
								"y"	: 0,
								"z"	: 0
							},
							"rot"	: 
							{
								"e0"	: 0,
								"e1"	: 0,
								"e2"	: 0,
								"e3"	: 0
							}
						}
					}
				},
				{ 
					"_type"	: "ChBodyAuxRef",
					"_object_ID"	: 2,
					"m_name"	: "frame-1",
					"m_tag"	: -1,
					"ChTime"	: 0,
					"visual_model"	: 
					{ 
						"_type"	: "ChVisualModel",
						"_object_ID"	: 3,
						"_version_ChVisualModel"	: 0,
						"m_shapes"	: 
						[ 
							{
								"first"	: 
								{ 
									"_type"	: "ChVisualShapeModelFile",
									"_object_ID"	: 4,
									"_version_ChVisualShapeModelFile"	: 0,
									"_version_class_chrono__ChVisualShape"	: 0,
									"visible"	: true,
									"is_mutable"	: false,
									"material_list"	: 
									[ 
									],
									"filename"	: "dyno_shapes/body_1_1.obj",
									"scale"	: 
									{
										"x"	: 1,
										"y"	: 1,
										"z"	: 1
									}
								},
								"second"	: 
								{
									"m_csys"	: 
									{
										"pos"	: 
										{
											"x"	: 0,
											"y"	: 0,
											"z"	: 0
										},
										"rot"	: 
										{
											"e0"	: 1,
											"e1"	: 0,
											"e2"	: 0,
											"e3"	: 0
										}
									}
								}
							}
						]
					},
					"cameras"	: 
					[ 
					],
					"m_csys"	: 
					{
						"pos"	: 
						{
							"x"	: 0.0474879,
							"y"	: 0.127271,
							"z"	: 0.239413
						},
						"rot"	: 
						{
							"e0"	: 1,
							"e1"	: 0,
							"e2"	: 0,
							"e3"	: 0
						}
					},
					"m_csys_dt"	: 
					{
						"pos"	: 
						{
							"x"	: 0,
							"y"	: 0,
							"z"	: 0
						},
						"rot"	: 
						{
							"e0"	: 0,
							"e1"	: 0,
							"e2"	: 0,
							"e3"	: 0
						}
					},
					"m_csys_dtdt"	: 
					{
						"pos"	: 
						{
							"x"	: 0,
							"y"	: 0,
							"z"	: 0
						},
						"rot"	: 
						{
							"e0"	: 0,
							"e1"	: 0,
							"e2"	: 0,
							"e3"	: 0
						}
					},
					"fixed"	: true,
					"collide"	: false,
					"limit_speed"	: false,
					"disable_gyrotorque"	: false,
					"is_sleeping"	: false,
					"allow_sleeping"	: true,
					"candidate_sleeping"	: false,
					"markers"	: 
					[ 
					],
					"forces"	: 
					[ 
					],
					"collision_model"	: 
					{ 
						"_reference_ID"	: 0
					},
					"gyro"	: 
					{
						"x"	: 0,
						"y"	: 0,
						"z"	: 0
					},
					"Xforce"	: 
					{
						"x"	: 0,
						"y"	: 0,
						"z"	: 0
					},
					"Xtorque"	: 
					{
						"x"	: 0,
						"y"	: 0,
						"z"	: 0
					},
					"variables"	: 
					{
						"ndof"	: 6,
						"disabled"	: true,
						"offset"	: 0,
						"mass"	: 1.54163,
						"inertia"	: 
						{
							"rows"	: 3,
							"columns"	: 3,
							"data"	: 
							[ 
								0.0295689,
								-1.38791e-08,
								-0.00173106,
								-1.38791e-08,
								0.0458653,
								-2.28814e-08,
								-0.00173106,
								-2.28814e-08,
								0.0735411
							]
						}
					},
					"max_speed"	: 0.5,
					"max_wvel"	: 6.28319,
					"sleep_time"	: 0.6,
					"sleep_minspeed"	: 0.1,
					"sleep_minwvel"	: 0.04,
					"sleep_starttime"	: 0,
					"ref_to_com"	: 
					{
						"m_csys"	: 
						{
							"pos"	: 
							{
								"x"	: -0.0374377,
								"y"	: 1.43978e-07,
								"z"	: -0.0198392
							},
							"rot"	: 
							{
								"e0"	: 1,
								"e1"	: -0,
								"e2"	: -0,
								"e3"	: -0
							}
						},
						"m_csys_dt"	: 
						{
							"pos"	: 
							{
								"x"	: 0,
								"y"	: 0,
								"z"	: 0
							},
							"rot"	: 
							{
								"e0"	: 0,
								"e1"	: 0,
								"e2"	: 0,
								"e3"	: 0
							}
						},
						"m_csys_dtdt"	: 
						{
							"pos"	: 
							{
								"x"	: 0,
								"y"	: 0,
								"z"	: 0
							},
							"rot"	: 
							{
								"e0"	: 0,
								"e1"	: 0,
								"e2"	: 0,
								"e3"	: 0
							}
						}
					},
					"ref_to_abs"	: 
					{
						"m_csys"	: 
						{
							"pos"	: 
							{
								"x"	: 0,
								"y"	: 0,
								"z"	: 0
							},
							"rot"	: 
							{
								"e0"	: 1,
								"e1"	: 0,
								"e2"	: 0,
								"e3"	: 0
							}
						},
						"m_csys_dt"	: 
						{
							"pos"	: 
							{
								"x"	: 0,
								"y"	: 0,
								"z"	: 0
							},
							"rot"	: 
							{
								"e0"	: 0,
								"e1"	: 0,
								"e2"	: 0,
								"e3"	: 0
							}
						},
						"m_csys_dtdt"	: 
						{
							"pos"	: 
							{
								"x"	: 0,
								"y"	: 0,
								"z"	: 0
							},
							"rot"	: 
							{
								"e0"	: 0,
								"e1"	: 0,
								"e2"	: 0,
								"e3"	: 0
							}
						}
					}
				},
				{ 
					"_type"	: "ChBodyAuxRef",
					"_object_ID"	: 5,
					"m_name"	: "Part1-1",
					"m_tag"	: -1,
					"ChTime"	: 0,
					"visual_model"	: 
					{ 
						"_type"	: "ChVisualModel",
						"_object_ID"	: 6,
						"m_shapes"	: 
						[ 
							{
								"first"	: 
								{ 
									"_type"	: "ChVisualShapeModelFile",
									"_object_ID"	: 7,
									"visible"	: true,
									"is_mutable"	: false,
									"material_list"	: 
									[ 
									],
									"filename"	: "dyno_shapes/body_2_1.obj",
									"scale"	: 
									{
										"x"	: 1,
										"y"	: 1,
										"z"	: 1
									}
								},
								"second"	: 
								{
									"m_csys"	: 
									{
										"pos"	: 
										{
											"x"	: 0,
											"y"	: 0,
											"z"	: 0
										},
										"rot"	: 
										{
											"e0"	: 1,
											"e1"	: 0,
											"e2"	: 0,
											"e3"	: 0
										}
									}
								}
							}
						]
					},
					"cameras"	: 
					[ 
					],
					"m_csys"	: 
					{
						"pos"	: 
						{
							"x"	: -0.153662,
							"y"	: 0.259668,
							"z"	: 0.257081
						},
						"rot"	: 
						{
							"e0"	: 0.34486,
							"e1"	: -0.34486,
							"e2"	: 0.61731,
							"e3"	: 0.61731
						}
					},
					"m_csys_dt"	: 
					{
						"pos"	: 
						{
							"x"	: 0,
							"y"	: 0,
							"z"	: 0
						},
						"rot"	: 
						{
							"e0"	: 0,
							"e1"	: 0,
							"e2"	: 0,
							"e3"	: 0
						}
					},
					"m_csys_dtdt"	: 
					{
						"pos"	: 
						{
							"x"	: 0,
							"y"	: 0,
							"z"	: 0
						},
						"rot"	: 
						{
							"e0"	: 0,
							"e1"	: 0,
							"e2"	: 0,
							"e3"	: 0
						}
					},
					"fixed"	: false,
					"collide"	: false,
					"limit_speed"	: false,
					"disable_gyrotorque"	: false,
					"is_sleeping"	: false,
					"allow_sleeping"	: true,
					"candidate_sleeping"	: false,
					"markers"	: 
					[ 
					],
					"forces"	: 
					[ 
					],
					"collision_model"	: 
					{ 
						"_reference_ID"	: 0
					},
					"gyro"	: 
					{
						"x"	: 0,
						"y"	: 0,
						"z"	: 0
					},
					"Xforce"	: 
					{
						"x"	: 0,
						"y"	: 0,
						"z"	: 0
					},
					"Xtorque"	: 
					{
						"x"	: 0,
						"y"	: 0,
						"z"	: 0
					},
					"variables"	: 
					{
						"ndof"	: 6,
						"disabled"	: false,
						"offset"	: 0,
						"mass"	: 0.0160292,
						"inertia"	: 
						{
							"rows"	: 3,
							"columns"	: 3,
							"data"	: 
							[ 
								5.77976e-06,
								2.41692e-06,
								8.3779e-08,
								2.41692e-06,
								7.96307e-06,
								-5.30757e-08,
								8.3779e-08,
								-5.30757e-08,
								9.7306e-06
							]
						}
					},
					"max_speed"	: 0.5,
					"max_wvel"	: 6.28319,
					"sleep_time"	: 0.6,
					"sleep_minspeed"	: 0.1,
					"sleep_minwvel"	: 0.04,
					"sleep_starttime"	: 0,
					"ref_to_com"	: 
					{
						"m_csys"	: 
						{
							"pos"	: 
							{
								"x"	: -0.000139084,
								"y"	: 0.000107871,
								"z"	: -0.0275964
							},
							"rot"	: 
							{
								"e0"	: 1,
								"e1"	: -0,
								"e2"	: -0,
								"e3"	: -0
							}
						},
						"m_csys_dt"	: 
						{
							"pos"	: 
							{
								"x"	: 0,
								"y"	: 0,
								"z"	: 0
							},
							"rot"	: 
							{
								"e0"	: 0,
								"e1"	: 0,
								"e2"	: 0,
								"e3"	: 0
							}
						},
						"m_csys_dtdt"	: 
						{
							"pos"	: 
							{
								"x"	: 0,
								"y"	: 0,
								"z"	: 0
							},
							"rot"	: 
							{
								"e0"	: 0,
								"e1"	: 0,
								"e2"	: 0,
								"e3"	: 0
							}
						}
					},
					"ref_to_abs"	: 
					{
						"m_csys"	: 
						{
							"pos"	: 
							{
								"x"	: 0,
								"y"	: 0,
								"z"	: 0
							},
							"rot"	: 
							{
								"e0"	: 1,
								"e1"	: 0,
								"e2"	: 0,
								"e3"	: 0
							}
						},
						"m_csys_dt"	: 
						{
							"pos"	: 
							{
								"x"	: 0,
								"y"	: 0,
								"z"	: 0
							},
							"rot"	: 
							{
								"e0"	: 0,
								"e1"	: 0,
								"e2"	: 0,
								"e3"	: 0
							}
						},
						"m_csys_dtdt"	: 
						{
							"pos"	: 
							{
								"x"	: 0,
								"y"	: 0,
								"z"	: 0
							},
							"rot"	: 
							{
								"e0"	: 0,
								"e1"	: 0,
								"e2"	: 0,
								"e3"	: 0
							}
						}
					}
				},
				{ 
					"_type"	: "ChBodyAuxRef",
					"_object_ID"	: 8,
					"m_name"	: "GearA-2",
					"m_tag"	: -1,
					"ChTime"	: 0,
					"visual_model"	: 
					{ 
						"_type"	: "ChVisualModel",
						"_object_ID"	: 9,
						"m_shapes"	: 
						[ 
							{
								"first"	: 
								{ 
									"_type"	: "ChVisualShapeModelFile",
									"_object_ID"	: 10,
									"visible"	: true,
									"is_mutable"	: false,
									"material_list"	: 
									[ 
									],
									"filename"	: "dyno_shapes/body_3_1.obj",
									"scale"	: 
									{
										"x"	: 1,
										"y"	: 1,
										"z"	: 1
									}
								},
								"second"	: 
								{
									"m_csys"	: 
									{
										"pos"	: 
										{
											"x"	: 0,
											"y"	: 0,
											"z"	: 0
										},
										"rot"	: 
										{
											"e0"	: 1,
											"e1"	: 0,
											"e2"	: 0,
											"e3"	: 0
										}
									}
								}
							}
						]
					},
					"cameras"	: 
					[ 
					],
					"m_csys"	: 
					{
						"pos"	: 
						{
							"x"	: -0.153681,
							"y"	: 0.316966,
							"z"	: 0.257256
						},
						"rot"	: 
						{
							"e0"	: 0.692192,
							"e1"	: -0.692192,
							"e2"	: 0.144466,
							"e3"	: 0.144466
						}
					},
					"m_csys_dt"	: 
					{
						"pos"	: 
						{
							"x"	: 0,
							"y"	: 0,
							"z"	: 0
						},
						"rot"	: 
						{
							"e0"	: 0,
							"e1"	: 0,
							"e2"	: 0,
							"e3"	: 0
						}
					},
					"m_csys_dtdt"	: 
					{
						"pos"	: 
						{
							"x"	: 0,
							"y"	: 0,
							"z"	: 0
						},
						"rot"	: 
						{
							"e0"	: 0,
							"e1"	: 0,
							"e2"	: 0,
							"e3"	: 0
						}
					},
					"fixed"	: false,
					"collide"	: false,
					"limit_speed"	: false,
					"disable_gyrotorque"	: false,
					"is_sleeping"	: false,
					"allow_sleeping"	: true,
					"candidate_sleeping"	: false,
					"markers"	: 
					[ 
					],
					"forces"	: 
					[ 
					],
					"collision_model"	: 
					{ 
						"_reference_ID"	: 0
					},
					"gyro"	: 
					{
						"x"	: 0,
						"y"	: 0,
						"z"	: 0
					},
					"Xforce"	: 
					{
						"x"	: 0,
						"y"	: 0,
						"z"	: 0
					},
					"Xtorque"	: 
					{
						"x"	: 0,
						"y"	: 0,
						"z"	: 0
					},
					"variables"	: 
					{
						"ndof"	: 6,
						"disabled"	: false,
						"offset"	: 0,
						"mass"	: 0.000870269,
						"inertia"	: 
						{
							"rows"	: 3,
							"columns"	: 3,
							"data"	: 
							[ 
								2.45233e-08,
								5.56796e-09,
								-1.39936e-23,
								5.56796e-09,
								3.48513e-08,
								8.94235e-24,
								-1.39936e-23,
								8.94235e-24,
								2.20933e-08
							]
						}
					},
					"max_speed"	: 0.5,
					"max_wvel"	: 6.28319,
					"sleep_time"	: 0.6,
					"sleep_minspeed"	: 0.1,
					"sleep_minwvel"	: 0.04,
					"sleep_starttime"	: 0,
					"ref_to_com"	: 
					{
						"m_csys"	: 
						{
							"pos"	: 
							{
								"x"	: 1.94233e-18,
								"y"	: -3.00039e-18,
								"z"	: -0.000394433
							},
							"rot"	: 
							{
								"e0"	: 1,
								"e1"	: -0,
								"e2"	: -0,
								"e3"	: -0
							}
						},
						"m_csys_dt"	: 
						{
							"pos"	: 
							{
								"x"	: 0,
								"y"	: 0,
								"z"	: 0
							},
							"rot"	: 
							{
								"e0"	: 0,
								"e1"	: 0,
								"e2"	: 0,
								"e3"	: 0
							}
						},
						"m_csys_dtdt"	: 
						{
							"pos"	: 
							{
								"x"	: 0,
								"y"	: 0,
								"z"	: 0
							},
							"rot"	: 
							{
								"e0"	: 0,
								"e1"	: 0,
								"e2"	: 0,
								"e3"	: 0
							}
						}
					},
					"ref_to_abs"	: 
					{
						"m_csys"	: 
						{
							"pos"	: 
							{
								"x"	: 0,
								"y"	: 0,
								"z"	: 0
							},
							"rot"	: 
							{
								"e0"	: 1,
								"e1"	: 0,
								"e2"	: 0,
								"e3"	: 0
							}
						},
						"m_csys_dt"	: 
						{
							"pos"	: 
							{
								"x"	: 0,
								"y"	: 0,
								"z"	: 0
							},
							"rot"	: 
							{
								"e0"	: 0,
								"e1"	: 0,
								"e2"	: 0,
								"e3"	: 0
							}
						},
						"m_csys_dtdt"	: 
						{
							"pos"	: 
							{
								"x"	: 0,
								"y"	: 0,
								"z"	: 0
							},
							"rot"	: 
							{
								"e0"	: 0,
								"e1"	: 0,
								"e2"	: 0,
								"e3"	: 0
							}
						}
					}
				},
				{ 
					"_type"	: "ChBodyAuxRef",
					"_object_ID"	: 11,
					"m_name"	: "GearB-1",
					"m_tag"	: -1,
					"ChTime"	: 0,
					"visual_model"	: 
					{ 
						"_type"	: "ChVisualModel",
						"_object_ID"	: 12,
						"m_shapes"	: 
						[ 
							{
								"first"	: 
								{ 
									"_type"	: "ChVisualShapeModelFile",
									"_object_ID"	: 13,
									"visible"	: true,
									"is_mutable"	: false,
									"material_list"	: 
									[ 
									],
									"filename"	: "dyno_shapes/body_4_1.obj",
									"scale"	: 
									{
										"x"	: 1,
										"y"	: 1,
										"z"	: 1
									}
								},
								"second"	: 
								{
									"m_csys"	: 
									{
										"pos"	: 
										{
											"x"	: 0,
											"y"	: 0,
											"z"	: 0
										},
										"rot"	: 
										{
											"e0"	: 1,
											"e1"	: 0,
											"e2"	: 0,
											"e3"	: 0
										}
									}
								}
							}
						]
					},
					"cameras"	: 
					[ 
					],
					"m_csys"	: 
					{
						"pos"	: 
						{
							"x"	: -0.183793,
							"y"	: 0.318071,
							"z"	: 0.254367
						},
						"rot"	: 
						{
							"e0"	: 0.59089,
							"e1"	: 0.59089,
							"e2"	: 0.388392,
							"e3"	: -0.388392
						}
					},
					"m_csys_dt"	: 
					{
						"pos"	: 
						{
							"x"	: 0,
							"y"	: 0,
							"z"	: 0
						},
						"rot"	: 
						{
							"e0"	: 0,
							"e1"	: 0,
							"e2"	: 0,
							"e3"	: 0
						}
					},
					"m_csys_dtdt"	: 
					{
						"pos"	: 
						{
							"x"	: 0,
							"y"	: 0,
							"z"	: 0
						},
						"rot"	: 
						{
							"e0"	: 0,
							"e1"	: 0,
							"e2"	: 0,
							"e3"	: 0
						}
					},
					"fixed"	: false,
					"collide"	: false,
					"limit_speed"	: false,
					"disable_gyrotorque"	: false,
					"is_sleeping"	: false,
					"allow_sleeping"	: true,
					"candidate_sleeping"	: false,
					"markers"	: 
					[ 
					],
					"forces"	: 
					[ 
					],
					"collision_model"	: 
					{ 
						"_reference_ID"	: 0
					},
					"gyro"	: 
					{
						"x"	: 0,
						"y"	: 0,
						"z"	: 0
					},
					"Xforce"	: 
					{
						"x"	: 0,
						"y"	: 0,
						"z"	: 0
					},
					"Xtorque"	: 
					{
						"x"	: 0,
						"y"	: 0,
						"z"	: 0
					},
					"variables"	: 
					{
						"ndof"	: 6,
						"disabled"	: false,
						"offset"	: 0,
						"mass"	: 0.00573764,
						"inertia"	: 
						{
							"rows"	: 3,
							"columns"	: 3,
							"data"	: 
							[ 
								1.09268e-06,
								-2.11167e-07,
								-4.81908e-23,
								-2.11167e-07,
								6.95142e-07,
								-1.19442e-22,
								-4.81908e-23,
								-1.19442e-22,
								6.0391e-07
							]
						}
					},
					"max_speed"	: 0.5,
					"max_wvel"	: 6.28319,
					"sleep_time"	: 0.6,
					"sleep_minspeed"	: 0.1,
					"sleep_minwvel"	: 0.04,
					"sleep_starttime"	: 0,
					"ref_to_com"	: 
					{
						"m_csys"	: 
						{
							"pos"	: 
							{
								"x"	: -2.28877e-18,
								"y"	: -2.90692e-18,
								"z"	: -0.0025
							},
							"rot"	: 
							{
								"e0"	: 1,
								"e1"	: -0,
								"e2"	: -0,
								"e3"	: -0
							}
						},
						"m_csys_dt"	: 
						{
							"pos"	: 
							{
								"x"	: 0,
								"y"	: 0,
								"z"	: 0
							},
							"rot"	: 
							{
								"e0"	: 0,
								"e1"	: 0,
								"e2"	: 0,
								"e3"	: 0
							}
						},
						"m_csys_dtdt"	: 
						{
							"pos"	: 
							{
								"x"	: 0,
								"y"	: 0,
								"z"	: 0
							},
							"rot"	: 
							{
								"e0"	: 0,
								"e1"	: 0,
								"e2"	: 0,
								"e3"	: 0
							}
						}
					},
					"ref_to_abs"	: 
					{
						"m_csys"	: 
						{
							"pos"	: 
							{
								"x"	: 0,
								"y"	: 0,
								"z"	: 0
							},
							"rot"	: 
							{
								"e0"	: 1,
								"e1"	: 0,
								"e2"	: 0,
								"e3"	: 0
							}
						},
						"m_csys_dt"	: 
						{
							"pos"	: 
							{
								"x"	: 0,
								"y"	: 0,
								"z"	: 0
							},
							"rot"	: 
							{
								"e0"	: 0,
								"e1"	: 0,
								"e2"	: 0,
								"e3"	: 0
							}
						},
						"m_csys_dtdt"	: 
						{
							"pos"	: 
							{
								"x"	: 0,
								"y"	: 0,
								"z"	: 0
							},
							"rot"	: 
							{
								"e0"	: 0,
								"e1"	: 0,
								"e2"	: 0,
								"e3"	: 0
							}
						}
					}
				},
				{ 
					"_type"	: "ChBodyAuxRef",
					"_object_ID"	: 14,
					"m_name"	: "GearD-1",
					"m_tag"	: -1,
					"ChTime"	: 0,
					"visual_model"	: 
					{ 
						"_type"	: "ChVisualModel",
						"_object_ID"	: 15,
						"m_shapes"	: 
						[ 
							{
								"first"	: 
								{ 
									"_type"	: "ChVisualShapeModelFile",
									"_object_ID"	: 16,
									"visible"	: true,
									"is_mutable"	: false,
									"material_list"	: 
									[ 
									],
									"filename"	: "dyno_shapes/body_5_1.obj",
									"scale"	: 
									{
										"x"	: 1,
										"y"	: 1,
										"z"	: 1
									}
								},
								"second"	: 
								{
									"m_csys"	: 
									{
										"pos"	: 
										{
											"x"	: 0,
											"y"	: 0,
											"z"	: 0
										},
										"rot"	: 
										{
											"e0"	: 1,
											"e1"	: 0,
											"e2"	: 0,
											"e3"	: 0
										}
									}
								}
							}
						]
					},
					"cameras"	: 
					[ 
					],
					"m_csys"	: 
					{
						"pos"	: 
						{
							"x"	: -0.21375,
							"y"	: -0.0635287,
							"z"	: 0.280873
						},
						"rot"	: 
						{
							"e0"	: 0.707107,
							"e1"	: -0.707107,
							"e2"	: -8.13351e-17,
							"e3"	: 0
						}
					},
					"m_csys_dt"	: 
					{
						"pos"	: 
						{
							"x"	: 0,
							"y"	: 0,
							"z"	: 0
						},
						"rot"	: 
						{
							"e0"	: 0,
							"e1"	: 0,
							"e2"	: 0,
							"e3"	: 0
						}
					},
					"m_csys_dtdt"	: 
					{
						"pos"	: 
						{
							"x"	: 0,
							"y"	: 0,
							"z"	: 0
						},
						"rot"	: 
						{
							"e0"	: 0,
							"e1"	: 0,
							"e2"	: 0,
							"e3"	: 0
						}
					},
					"fixed"	: false,
					"collide"	: false,
					"limit_speed"	: false,
					"disable_gyrotorque"	: false,
					"is_sleeping"	: false,
					"allow_sleeping"	: true,
					"candidate_sleeping"	: false,
					"markers"	: 
					[ 
					],
					"forces"	: 
					[ 
					],
					"collision_model"	: 
					{ 
						"_reference_ID"	: 0
					},
					"gyro"	: 
					{
						"x"	: 0,
						"y"	: 0,
						"z"	: 0
					},
					"Xforce"	: 
					{
						"x"	: 0,
						"y"	: 0,
						"z"	: 0
					},
					"Xtorque"	: 
					{
						"x"	: 0,
						"y"	: 0,
						"z"	: 0
					},
					"variables"	: 
					{
						"ndof"	: 6,
						"disabled"	: false,
						"offset"	: 0,
						"mass"	: 0.00573764,
						"inertia"	: 
						{
							"rows"	: 3,
							"columns"	: 3,
							"data"	: 
							[ 
								6.0391e-07,
								-6.68097e-23,
								1.28759e-22,
								-6.68097e-23,
								1.18391e-06,
								-3.13275e-24,
								1.28759e-22,
								-3.13275e-24,
								6.0391e-07
							]
						}
					},
					"max_speed"	: 0.5,
					"max_wvel"	: 6.28319,
					"sleep_time"	: 0.6,
					"sleep_minspeed"	: 0.1,
					"sleep_minwvel"	: 0.04,
					"sleep_starttime"	: 0,
					"ref_to_com"	: 
					{
						"m_csys"	: 
						{
							"pos"	: 
							{
								"x"	: -2.49937e-18,
								"y"	: -2.65334e-18,
								"z"	: -0.0025
							},
							"rot"	: 
							{
								"e0"	: 1,
								"e1"	: -0,
								"e2"	: -0,
								"e3"	: -0
							}
						},
						"m_csys_dt"	: 
						{
							"pos"	: 
							{
								"x"	: 0,
								"y"	: 0,
								"z"	: 0
							},
							"rot"	: 
							{
								"e0"	: 0,
								"e1"	: 0,
								"e2"	: 0,
								"e3"	: 0
							}
						},
						"m_csys_dtdt"	: 
						{
							"pos"	: 
							{
								"x"	: 0,
								"y"	: 0,
								"z"	: 0
							},
							"rot"	: 
							{
								"e0"	: 0,
								"e1"	: 0,
								"e2"	: 0,
								"e3"	: 0
							}
						}
					},
					"ref_to_abs"	: 
					{
						"m_csys"	: 
						{
							"pos"	: 
							{
								"x"	: 0,
								"y"	: 0,
								"z"	: 0
							},
							"rot"	: 
							{
								"e0"	: 1,
								"e1"	: 0,
								"e2"	: 0,
								"e3"	: 0
							}
						},
						"m_csys_dt"	: 
						{
							"pos"	: 
							{
								"x"	: 0,
								"y"	: 0,
								"z"	: 0
							},
							"rot"	: 
							{
								"e0"	: 0,
								"e1"	: 0,
								"e2"	: 0,
								"e3"	: 0
							}
						},
						"m_csys_dtdt"	: 
						{
							"pos"	: 
							{
								"x"	: 0,
								"y"	: 0,
								"z"	: 0
							},
							"rot"	: 
							{
								"e0"	: 0,
								"e1"	: 0,
								"e2"	: 0,
								"e3"	: 0
							}
						}
					}
				},
				{ 
					"_type"	: "ChBodyAuxRef",
					"_object_ID"	: 17,
					"m_name"	: "GearC-1",
					"m_tag"	: -1,
					"ChTime"	: 0,
					"visual_model"	: 
					{ 
						"_type"	: "ChVisualModel",
						"_object_ID"	: 18,
						"m_shapes"	: 
						[ 
							{
								"first"	: 
								{ 
									"_type"	: "ChVisualShapeModelFile",
									"_object_ID"	: 19,
									"visible"	: true,
									"is_mutable"	: false,
									"material_list"	: 
									[ 
									],
									"filename"	: "dyno_shapes/body_6_1.obj",
									"scale"	: 
									{
										"x"	: 1,
										"y"	: 1,
										"z"	: 1
									}
								},
								"second"	: 
								{
									"m_csys"	: 
									{
										"pos"	: 
										{
											"x"	: 0,
											"y"	: 0,
											"z"	: 0
										},
										"rot"	: 
										{
											"e0"	: 1,
											"e1"	: 0,
											"e2"	: 0,
											"e3"	: 0
										}
									}
								}
							}
						]
					},
					"cameras"	: 
					[ 
					],
					"m_csys"	: 
					{
						"pos"	: 
						{
							"x"	: -0.21375,
							"y"	: 0.318071,
							"z"	: 0.280873
						},
						"rot"	: 
						{
							"e0"	: -0.0817798,
							"e1"	: -0.0817798,
							"e2"	: 0.702362,
							"e3"	: -0.702362
						}
					},
					"m_csys_dt"	: 
					{
						"pos"	: 
						{
							"x"	: 0,
							"y"	: 0,
							"z"	: 0
						},
						"rot"	: 
						{
							"e0"	: 0,
							"e1"	: 0,
							"e2"	: 0,
							"e3"	: 0
						}
					},
					"m_csys_dtdt"	: 
					{
						"pos"	: 
						{
							"x"	: 0,
							"y"	: 0,
							"z"	: 0
						},
						"rot"	: 
						{
							"e0"	: 0,
							"e1"	: 0,
							"e2"	: 0,
							"e3"	: 0
						}
					},
					"fixed"	: false,
					"collide"	: false,
					"limit_speed"	: false,
					"disable_gyrotorque"	: false,
					"is_sleeping"	: false,
					"allow_sleeping"	: true,
					"candidate_sleeping"	: false,
					"markers"	: 
					[ 
					],
					"forces"	: 
					[ 
					],
					"collision_model"	: 
					{ 
						"_reference_ID"	: 0
					},
					"gyro"	: 
					{
						"x"	: 0,
						"y"	: 0,
						"z"	: 0
					},
					"Xforce"	: 
					{
						"x"	: 0,
						"y"	: 0,
						"z"	: 0
					},
					"Xtorque"	: 
					{
						"x"	: 0,
						"y"	: 0,
						"z"	: 0
					},
					"variables"	: 
					{
						"ndof"	: 6,
						"disabled"	: false,
						"offset"	: 0,
						"mass"	: 0.00573764,
						"inertia"	: 
						{
							"rows"	: 3,
							"columns"	: 3,
							"data"	: 
							[ 
								6.34527e-07,
								-1.29694e-07,
								1.12016e-22,
								-1.29694e-07,
								1.1533e-06,
								2.96627e-23,
								1.12016e-22,
								2.96627e-23,
								6.0391e-07
							]
						}
					},
					"max_speed"	: 0.5,
					"max_wvel"	: 6.28319,
					"sleep_time"	: 0.6,
					"sleep_minspeed"	: 0.1,
					"sleep_minwvel"	: 0.04,
					"sleep_starttime"	: 0,
					"ref_to_com"	: 
					{
						"m_csys"	: 
						{
							"pos"	: 
							{
								"x"	: -2.28311e-18,
								"y"	: -2.62662e-18,
								"z"	: -0.0025
							},
							"rot"	: 
							{
								"e0"	: 1,
								"e1"	: -0,
								"e2"	: -0,
								"e3"	: -0
							}
						},
						"m_csys_dt"	: 
						{
							"pos"	: 
							{
								"x"	: 0,
								"y"	: 0,
								"z"	: 0
							},
							"rot"	: 
							{
								"e0"	: 0,
								"e1"	: 0,
								"e2"	: 0,
								"e3"	: 0
							}
						},
						"m_csys_dtdt"	: 
						{
							"pos"	: 
							{
								"x"	: 0,
								"y"	: 0,
								"z"	: 0
							},
							"rot"	: 
							{
								"e0"	: 0,
								"e1"	: 0,
								"e2"	: 0,
								"e3"	: 0
							}
						}
					},
					"ref_to_abs"	: 
					{
						"m_csys"	: 
						{
							"pos"	: 
							{
								"x"	: 0,
								"y"	: 0,
								"z"	: 0
							},
							"rot"	: 
							{
								"e0"	: 1,
								"e1"	: 0,
								"e2"	: 0,
								"e3"	: 0
							}
						},
						"m_csys_dt"	: 
						{
							"pos"	: 
							{
								"x"	: 0,
								"y"	: 0,
								"z"	: 0
							},
							"rot"	: 
							{
								"e0"	: 0,
								"e1"	: 0,
								"e2"	: 0,
								"e3"	: 0
							}
						},
						"m_csys_dtdt"	: 
						{
							"pos"	: 
							{
								"x"	: 0,
								"y"	: 0,
								"z"	: 0
							},
							"rot"	: 
							{
								"e0"	: 0,
								"e1"	: 0,
								"e2"	: 0,
								"e3"	: 0
							}
						}
					}
				},
				{ 
					"_type"	: "ChBodyAuxRef",
					"_object_ID"	: 20,
					"m_name"	: "GearE-1",
					"m_tag"	: -1,
					"ChTime"	: 0,
					"visual_model"	: 
					{ 
						"_type"	: "ChVisualModel",
						"_object_ID"	: 21,
						"m_shapes"	: 
						[ 
							{
								"first"	: 
								{ 
									"_type"	: "ChVisualShapeModelFile",
									"_object_ID"	: 22,
									"visible"	: true,
									"is_mutable"	: false,
									"material_list"	: 
									[ 
									],
									"filename"	: "dyno_shapes/body_7_1.obj",
									"scale"	: 
									{
										"x"	: 1,
										"y"	: 1,
										"z"	: 1
									}
								},
								"second"	: 
								{
									"m_csys"	: 
									{
										"pos"	: 
										{
											"x"	: 0,
											"y"	: 0,
											"z"	: 0
										},
										"rot"	: 
										{
											"e0"	: 1,
											"e1"	: 0,
											"e2"	: 0,
											"e3"	: 0
										}
									}
								}
							}
						]
					},
					"cameras"	: 
					[ 
					],
					"m_csys"	: 
					{
						"pos"	: 
						{
							"x"	: -0.183793,
							"y"	: -0.0635287,
							"z"	: 0.254367
						},
						"rot"	: 
						{
							"e0"	: -0.227257,
							"e1"	: 0.227257,
							"e2"	: 0.669592,
							"e3"	: 0.669592
						}
					},
					"m_csys_dt"	: 
					{
						"pos"	: 
						{
							"x"	: 0,
							"y"	: 0,
							"z"	: 0
						},
						"rot"	: 
						{
							"e0"	: 0,
							"e1"	: 0,
							"e2"	: 0,
							"e3"	: 0
						}
					},
					"m_csys_dtdt"	: 
					{
						"pos"	: 
						{
							"x"	: 0,
							"y"	: 0,
							"z"	: 0
						},
						"rot"	: 
						{
							"e0"	: 0,
							"e1"	: 0,
							"e2"	: 0,
							"e3"	: 0
						}
					},
					"fixed"	: false,
					"collide"	: false,
					"limit_speed"	: false,
					"disable_gyrotorque"	: false,
					"is_sleeping"	: false,
					"allow_sleeping"	: true,
					"candidate_sleeping"	: false,
					"markers"	: 
					[ 
					],
					"forces"	: 
					[ 
					],
					"collision_model"	: 
					{ 
						"_reference_ID"	: 0
					},
					"gyro"	: 
					{
						"x"	: 0,
						"y"	: 0,
						"z"	: 0
					},
					"Xforce"	: 
					{
						"x"	: 0,
						"y"	: 0,
						"z"	: 0
					},
					"Xtorque"	: 
					{
						"x"	: 0,
						"y"	: 0,
						"z"	: 0
					},
					"variables"	: 
					{
						"ndof"	: 6,
						"disabled"	: false,
						"offset"	: 0,
						"mass"	: 0.00573764,
						"inertia"	: 
						{
							"rows"	: 3,
							"columns"	: 3,
							"data"	: 
							[ 
								8.18796e-07,
								2.80104e-07,
								-7.64459e-24,
								2.80104e-07,
								9.69027e-07,
								2.01574e-22,
								-7.64459e-24,
								2.01574e-22,
								6.0391e-07
							]
						}
					},
					"max_speed"	: 0.5,
					"max_wvel"	: 6.28319,
					"sleep_time"	: 0.6,
					"sleep_minspeed"	: 0.1,
					"sleep_minwvel"	: 0.04,
					"sleep_starttime"	: 0,
					"ref_to_com"	: 
					{
						"m_csys"	: 
						{
							"pos"	: 
							{
								"x"	: -2.38266e-18,
								"y"	: -2.51046e-18,
								"z"	: -0.0025
							},
							"rot"	: 
							{
								"e0"	: 1,
								"e1"	: -0,
								"e2"	: -0,
								"e3"	: -0
							}
						},
						"m_csys_dt"	: 
						{
							"pos"	: 
							{
								"x"	: 0,
								"y"	: 0,
								"z"	: 0
							},
							"rot"	: 
							{
								"e0"	: 0,
								"e1"	: 0,
								"e2"	: 0,
								"e3"	: 0
							}
						},
						"m_csys_dtdt"	: 
						{
							"pos"	: 
							{
								"x"	: 0,
								"y"	: 0,
								"z"	: 0
							},
							"rot"	: 
							{
								"e0"	: 0,
								"e1"	: 0,
								"e2"	: 0,
								"e3"	: 0
							}
						}
					},
					"ref_to_abs"	: 
					{
						"m_csys"	: 
						{
							"pos"	: 
							{
								"x"	: 0,
								"y"	: 0,
								"z"	: 0
							},
							"rot"	: 
							{
								"e0"	: 1,
								"e1"	: 0,
								"e2"	: 0,
								"e3"	: 0
							}
						},
						"m_csys_dt"	: 
						{
							"pos"	: 
							{
								"x"	: 0,
								"y"	: 0,
								"z"	: 0
							},
							"rot"	: 
							{
								"e0"	: 0,
								"e1"	: 0,
								"e2"	: 0,
								"e3"	: 0
							}
						},
						"m_csys_dtdt"	: 
						{
							"pos"	: 
							{
								"x"	: 0,
								"y"	: 0,
								"z"	: 0
							},
							"rot"	: 
							{
								"e0"	: 0,
								"e1"	: 0,
								"e2"	: 0,
								"e3"	: 0
							}
						}
					}
				},
				{ 
					"_type"	: "ChBodyAuxRef",
					"_object_ID"	: 23,
					"m_name"	: "Part2_flywheel-1",
					"m_tag"	: -1,
					"ChTime"	: 0,
					"visual_model"	: 
					{ 
						"_type"	: "ChVisualModel",
						"_object_ID"	: 24,
						"m_shapes"	: 
						[ 
							{
								"first"	: 
								{ 
									"_type"	: "ChVisualShapeModelFile",
									"_object_ID"	: 25,
									"visible"	: true,
									"is_mutable"	: false,
									"material_list"	: 
									[ 
									],
									"filename"	: "dyno_shapes/body_8_1.obj",
									"scale"	: 
									{
										"x"	: 1,
										"y"	: 1,
										"z"	: 1
									}
								},
								"second"	: 
								{
									"m_csys"	: 
									{
										"pos"	: 
										{
											"x"	: 0,
											"y"	: 0,
											"z"	: 0
										},
										"rot"	: 
										{
											"e0"	: 1,
											"e1"	: 0,
											"e2"	: 0,
											"e3"	: 0
										}
									}
								}
							}
						]
					},
					"cameras"	: 
					[ 
					],
					"m_csys"	: 
					{
						"pos"	: 
						{
							"x"	: -0.21375,
							"y"	: 0.127271,
							"z"	: 0.280873
						},
						"rot"	: 
						{
							"e0"	: 0.661717,
							"e1"	: 0.661717,
							"e2"	: -0.249261,
							"e3"	: 0.249261
						}
					},
					"m_csys_dt"	: 
					{
						"pos"	: 
						{
							"x"	: 0,
							"y"	: 0,
							"z"	: 0
						},
						"rot"	: 
						{
							"e0"	: 0,
							"e1"	: 0,
							"e2"	: 0,
							"e3"	: 0
						}
					},
					"m_csys_dtdt"	: 
					{
						"pos"	: 
						{
							"x"	: 0,
							"y"	: 0,
							"z"	: 0
						},
						"rot"	: 
						{
							"e0"	: 0,
							"e1"	: 0,
							"e2"	: 0,
							"e3"	: 0
						}
					},
					"fixed"	: false,
					"collide"	: false,
					"limit_speed"	: false,
					"disable_gyrotorque"	: false,
					"is_sleeping"	: false,
					"allow_sleeping"	: true,
					"candidate_sleeping"	: false,
					"markers"	: 
					[ 
					],
					"forces"	: 
					[ 
					],
					"collision_model"	: 
					{ 
						"_reference_ID"	: 0
					},
					"gyro"	: 
					{
						"x"	: 0,
						"y"	: 0,
						"z"	: 0
					},
					"Xforce"	: 
					{
						"x"	: 0,
						"y"	: 0,
						"z"	: 0
					},
					"Xtorque"	: 
					{
						"x"	: 0,
						"y"	: 0,
						"z"	: 0
					},
					"variables"	: 
					{
						"ndof"	: 6,
						"disabled"	: false,
						"offset"	: 0,
						"mass"	: 1.0274,
						"inertia"	: 
						{
							"rows"	: 3,
							"columns"	: 3,
							"data"	: 
							[ 
								0.00660989,
								-0.00536484,
								-2.91209e-10,
								-0.00536484,
								0.00520936,
								2.65997e-10,
								-2.91209e-10,
								2.65997e-10,
								0.01132
							]
						}
					},
					"max_speed"	: 0.5,
					"max_wvel"	: 6.28319,
					"sleep_time"	: 0.6,
					"sleep_minspeed"	: 0.1,
					"sleep_minwvel"	: 0.04,
					"sleep_starttime"	: 0,
					"ref_to_com"	: 
					{
						"m_csys"	: 
						{
							"pos"	: 
							{
								"x"	: -8.92767e-10,
								"y"	: -8.92767e-10,
								"z"	: -1.29506e-17
							},
							"rot"	: 
							{
								"e0"	: 1,
								"e1"	: -0,
								"e2"	: -0,
								"e3"	: -0
							}
						},
						"m_csys_dt"	: 
						{
							"pos"	: 
							{
								"x"	: 0,
								"y"	: 0,
								"z"	: 0
							},
							"rot"	: 
							{
								"e0"	: 0,
								"e1"	: 0,
								"e2"	: 0,
								"e3"	: 0
							}
						},
						"m_csys_dtdt"	: 
						{
							"pos"	: 
							{
								"x"	: 0,
								"y"	: 0,
								"z"	: 0
							},
							"rot"	: 
							{
								"e0"	: 0,
								"e1"	: 0,
								"e2"	: 0,
								"e3"	: 0
							}
						}
					},
					"ref_to_abs"	: 
					{
						"m_csys"	: 
						{
							"pos"	: 
							{
								"x"	: 0,
								"y"	: 0,
								"z"	: 0
							},
							"rot"	: 
							{
								"e0"	: 1,
								"e1"	: 0,
								"e2"	: 0,
								"e3"	: 0
							}
						},
						"m_csys_dt"	: 
						{
							"pos"	: 
							{
								"x"	: 0,
								"y"	: 0,
								"z"	: 0
							},
							"rot"	: 
							{
								"e0"	: 0,
								"e1"	: 0,
								"e2"	: 0,
								"e3"	: 0
							}
						},
						"m_csys_dtdt"	: 
						{
							"pos"	: 
							{
								"x"	: 0,
								"y"	: 0,
								"z"	: 0
							},
							"rot"	: 
							{
								"e0"	: 0,
								"e1"	: 0,
								"e2"	: 0,
								"e3"	: 0
							}
						}
					}
				},
				{ 
					"_type"	: "ChBodyAuxRef",
					"_object_ID"	: 26,
					"m_name"	: "Part2_dyno-1",
					"m_tag"	: -1,
					"ChTime"	: 0,
					"visual_model"	: 
					{ 
						"_type"	: "ChVisualModel",
						"_object_ID"	: 27,
						"m_shapes"	: 
						[ 
							{
								"first"	: 
								{ 
									"_type"	: "ChVisualShapeModelFile",
									"_object_ID"	: 28,
									"visible"	: true,
									"is_mutable"	: false,
									"material_list"	: 
									[ 
									],
									"filename"	: "dyno_shapes/body_9_1.obj",
									"scale"	: 
									{
										"x"	: 1,
										"y"	: 1,
										"z"	: 1
									}
								},
								"second"	: 
								{
									"m_csys"	: 
									{
										"pos"	: 
										{
											"x"	: 0,
											"y"	: 0,
											"z"	: 0
										},
										"rot"	: 
										{
											"e0"	: 1,
											"e1"	: 0,
											"e2"	: 0,
											"e3"	: 0
										}
									}
								}
							}
						]
					},
					"cameras"	: 
					[ 
					],
					"m_csys"	: 
					{
						"pos"	: 
						{
							"x"	: -0.153387,
							"y"	: -0.00233317,
							"z"	: 0.257697
						},
						"rot"	: 
						{
							"e0"	: 0.679959,
							"e1"	: 0.679959,
							"e2"	: 0.19405,
							"e3"	: -0.19405
						}
					},
					"m_csys_dt"	: 
					{
						"pos"	: 
						{
							"x"	: 0,
							"y"	: 0,
							"z"	: 0
						},
						"rot"	: 
						{
							"e0"	: 0,
							"e1"	: 0,
							"e2"	: 0,
							"e3"	: 0
						}
					},
					"m_csys_dtdt"	: 
					{
						"pos"	: 
						{
							"x"	: 0,
							"y"	: 0,
							"z"	: 0
						},
						"rot"	: 
						{
							"e0"	: 0,
							"e1"	: 0,
							"e2"	: 0,
							"e3"	: 0
						}
					},
					"fixed"	: false,
					"collide"	: false,
					"limit_speed"	: false,
					"disable_gyrotorque"	: false,
					"is_sleeping"	: false,
					"allow_sleeping"	: true,
					"candidate_sleeping"	: false,
					"markers"	: 
					[ 
					],
					"forces"	: 
					[ 
					],
					"collision_model"	: 
					{ 
						"_reference_ID"	: 0
					},
					"gyro"	: 
					{
						"x"	: 0,
						"y"	: 0,
						"z"	: 0
					},
					"Xforce"	: 
					{
						"x"	: 0,
						"y"	: 0,
						"z"	: 0
					},
					"Xtorque"	: 
					{
						"x"	: 0,
						"y"	: 0,
						"z"	: 0
					},
					"variables"	: 
					{
						"ndof"	: 6,
						"disabled"	: false,
						"offset"	: 0,
						"mass"	: 0.0195544,
						"inertia"	: 
						{
							"rows"	: 3,
							"columns"	: 3,
							"data"	: 
							[ 
								8.64325e-06,
								2.47769e-06,
								1.36114e-07,
								2.47769e-06,
								6.23841e-06,
								-2.0645e-07,
								1.36114e-07,
								-2.0645e-07,
								1.00062e-05
							]
						}
					},
					"max_speed"	: 0.5,
					"max_wvel"	: 6.28319,
					"sleep_time"	: 0.6,
					"sleep_minspeed"	: 0.1,
					"sleep_minwvel"	: 0.04,
					"sleep_starttime"	: 0,
					"ref_to_com"	: 
					{
						"m_csys"	: 
						{
							"pos"	: 
							{
								"x"	: -1.76454e-05,
								"y"	: -0.000529773,
								"z"	: -0.0178045
							},
							"rot"	: 
							{
								"e0"	: 1,
								"e1"	: -0,
								"e2"	: -0,
								"e3"	: -0
							}
						},
						"m_csys_dt"	: 
						{
							"pos"	: 
							{
								"x"	: 0,
								"y"	: 0,
								"z"	: 0
							},
							"rot"	: 
							{
								"e0"	: 0,
								"e1"	: 0,
								"e2"	: 0,
								"e3"	: 0
							}
						},
						"m_csys_dtdt"	: 
						{
							"pos"	: 
							{
								"x"	: 0,
								"y"	: 0,
								"z"	: 0
							},
							"rot"	: 
							{
								"e0"	: 0,
								"e1"	: 0,
								"e2"	: 0,
								"e3"	: 0
							}
						}
					},
					"ref_to_abs"	: 
					{
						"m_csys"	: 
						{
							"pos"	: 
							{
								"x"	: 0,
								"y"	: 0,
								"z"	: 0
							},
							"rot"	: 
							{
								"e0"	: 1,
								"e1"	: 0,
								"e2"	: 0,
								"e3"	: 0
							}
						},
						"m_csys_dt"	: 
						{
							"pos"	: 
							{
								"x"	: 0,
								"y"	: 0,
								"z"	: 0
							},
							"rot"	: 
							{
								"e0"	: 0,
								"e1"	: 0,
								"e2"	: 0,
								"e3"	: 0
							}
						},
						"m_csys_dtdt"	: 
						{
							"pos"	: 
							{
								"x"	: 0,
								"y"	: 0,
								"z"	: 0
							},
							"rot"	: 
							{
								"e0"	: 0,
								"e1"	: 0,
								"e2"	: 0,
								"e3"	: 0
							}
						}
					}
				},
				{ 
					"_type"	: "ChBodyAuxRef",
					"_object_ID"	: 29,
					"m_name"	: "GearF-1",
					"m_tag"	: -1,
					"ChTime"	: 0,
					"visual_model"	: 
					{ 
						"_type"	: "ChVisualModel",
						"_object_ID"	: 30,
						"m_shapes"	: 
						[ 
							{
								"first"	: 
								{ 
									"_type"	: "ChVisualShapeModelFile",
									"_object_ID"	: 31,
									"visible"	: true,
									"is_mutable"	: false,
									"material_list"	: 
									[ 
									],
									"filename"	: "dyno_shapes/body_10_1.obj",
									"scale"	: 
									{
										"x"	: 1,
										"y"	: 1,
										"z"	: 1
									}
								},
								"second"	: 
								{
									"m_csys"	: 
									{
										"pos"	: 
										{
											"x"	: 0,
											"y"	: 0,
											"z"	: 0
										},
										"rot"	: 
										{
											"e0"	: 1,
											"e1"	: 0,
											"e2"	: 0,
											"e3"	: 0
										}
									}
								}
							}
						]
					},
					"cameras"	: 
					[ 
					],
					"m_csys"	: 
					{
						"pos"	: 
						{
							"x"	: -0.153681,
							"y"	: -0.0624231,
							"z"	: 0.257256
						},
						"rot"	: 
						{
							"e0"	: 0.682163,
							"e1"	: 0.682163,
							"e2"	: 0.186154,
							"e3"	: -0.186154
						}
					},
					"m_csys_dt"	: 
					{
						"pos"	: 
						{
							"x"	: 0,
							"y"	: 0,
							"z"	: 0
						},
						"rot"	: 
						{
							"e0"	: 0,
							"e1"	: 0,
							"e2"	: 0,
							"e3"	: 0
						}
					},
					"m_csys_dtdt"	: 
					{
						"pos"	: 
						{
							"x"	: 0,
							"y"	: 0,
							"z"	: 0
						},
						"rot"	: 
						{
							"e0"	: 0,
							"e1"	: 0,
							"e2"	: 0,
							"e3"	: 0
						}
					},
					"fixed"	: false,
					"collide"	: false,
					"limit_speed"	: false,
					"disable_gyrotorque"	: false,
					"is_sleeping"	: false,
					"allow_sleeping"	: true,
					"candidate_sleeping"	: false,
					"markers"	: 
					[ 
					],
					"forces"	: 
					[ 
					],
					"collision_model"	: 
					{ 
						"_reference_ID"	: 0
					},
					"gyro"	: 
					{
						"x"	: 0,
						"y"	: 0,
						"z"	: 0
					},
					"Xforce"	: 
					{
						"x"	: 0,
						"y"	: 0,
						"z"	: 0
					},
					"Xtorque"	: 
					{
						"x"	: 0,
						"y"	: 0,
						"z"	: 0
					},
					"variables"	: 
					{
						"ndof"	: 6,
						"disabled"	: false,
						"offset"	: 0,
						"mass"	: 0.000870269,
						"inertia"	: 
						{
							"rows"	: 3,
							"columns"	: 3,
							"data"	: 
							[ 
								2.6012e-08,
								-6.6454e-09,
								1.43736e-23,
								-6.6454e-09,
								3.33626e-08,
								1.14192e-23,
								1.43736e-23,
								1.14192e-23,
								2.20933e-08
							]
						}
					},
					"max_speed"	: 0.5,
					"max_wvel"	: 6.28319,
					"sleep_time"	: 0.6,
					"sleep_minspeed"	: 0.1,
					"sleep_minwvel"	: 0.04,
					"sleep_starttime"	: 0,
					"ref_to_com"	: 
					{
						"m_csys"	: 
						{
							"pos"	: 
							{
								"x"	: 1.98132e-18,
								"y"	: -2.82217e-18,
								"z"	: -0.000394433
							},
							"rot"	: 
							{
								"e0"	: 1,
								"e1"	: -0,
								"e2"	: -0,
								"e3"	: -0
							}
						},
						"m_csys_dt"	: 
						{
							"pos"	: 
							{
								"x"	: 0,
								"y"	: 0,
								"z"	: 0
							},
							"rot"	: 
							{
								"e0"	: 0,
								"e1"	: 0,
								"e2"	: 0,
								"e3"	: 0
							}
						},
						"m_csys_dtdt"	: 
						{
							"pos"	: 
							{
								"x"	: 0,
								"y"	: 0,
								"z"	: 0
							},
							"rot"	: 
							{
								"e0"	: 0,
								"e1"	: 0,
								"e2"	: 0,
								"e3"	: 0
							}
						}
					},
					"ref_to_abs"	: 
					{
						"m_csys"	: 
						{
							"pos"	: 
							{
								"x"	: 0,
								"y"	: 0,
								"z"	: 0
							},
							"rot"	: 
							{
								"e0"	: 1,
								"e1"	: 0,
								"e2"	: 0,
								"e3"	: 0
							}
						},
						"m_csys_dt"	: 
						{
							"pos"	: 
							{
								"x"	: 0,
								"y"	: 0,
								"z"	: 0
							},
							"rot"	: 
							{
								"e0"	: 0,
								"e1"	: 0,
								"e2"	: 0,
								"e3"	: 0
							}
						},
						"m_csys_dtdt"	: 
						{
							"pos"	: 
							{
								"x"	: 0,
								"y"	: 0,
								"z"	: 0
							},
							"rot"	: 
							{
								"e0"	: 0,
								"e1"	: 0,
								"e2"	: 0,
								"e3"	: 0
							}
						}
					}
				}
			],
			"shafts"	: 
			[ 
			],
			"links"	: 
			[ 
				{ 
					"_type"	: "ChLinkMateDistanceZ",
					"_object_ID"	: 32,
					"_version_ChLinkMateDistanceZ"	: 0,
					"_version_ChLinkMateGeneric"	: 0,
					"_version_ChLinkMate"	: 0,
					"_version_class_chrono__ChLink"	: 0,
					"_version_class_chrono__ChLinkBase"	: 0,
					"m_name"	: "Coincident5",
					"m_tag"	: -1,
					"ChTime"	: 0,
					"visual_model"	: 
					{ 
						"_reference_ID"	: 0
					},
					"cameras"	: 
					[ 
					],
					"disabled"	: false,
					"valid"	: true,
					"broken"	: false,
					"m_body1"	: 
					{ 
						"_type"	: "ChBodyAuxRef",
						"_reference_ID"	: 2
					},
					"m_body2"	: 
					{ 
						"_type"	: "ChBodyAuxRef",
						"_reference_ID"	: 5
					},
					"frame1"	: 
					{
						"m_csys"	: 
						{
							"pos"	: 
							{
								"x"	: -0.261238,
								"y"	: 0.1778,
								"z"	: 0.0414608
							},
							"rot"	: 
							{
								"e0"	: 0.707107,
								"e1"	: -0.707107,
								"e2"	: 4.06675e-17,
								"e3"	: -4.06675e-17
							}
						}
					},
					"frame2"	: 
					{
						"m_csys"	: 
						{
							"pos"	: 
							{
								"x"	: -0.000139084,
								"y"	: 0.000107871,
								"z"	: 0.0454036
							},
							"rot"	: 
							{
								"e0"	: 1,
								"e1"	: 4.89744e-17,
								"e2"	: 2.53582e-17,
								"e3"	: 1.2419e-33
							}
						}
					},
					"c_x"	: false,
					"c_y"	: false,
					"c_z"	: true,
					"c_rx"	: false,
					"c_ry"	: false,
					"c_rz"	: false,
					"m_distance"	: -0
				},
				{ 
					"_type"	: "ChLinkMateParallel",
					"_object_ID"	: 33,
					"_version_ChLinkMateParallel"	: 0,
					"m_name"	: "Coincident5",
					"m_tag"	: -1,
					"ChTime"	: 0,
					"visual_model"	: 
					{ 
						"_reference_ID"	: 0
					},
					"cameras"	: 
					[ 
					],
					"disabled"	: false,
					"valid"	: true,
					"broken"	: false,
					"m_body1"	: 
					{ 
						"_type"	: "ChBodyAuxRef",
						"_reference_ID"	: 2
					},
					"m_body2"	: 
					{ 
						"_type"	: "ChBodyAuxRef",
						"_reference_ID"	: 5
					},
					"frame1"	: 
					{
						"m_csys"	: 
						{
							"pos"	: 
							{
								"x"	: -0.261238,
								"y"	: 0.1778,
								"z"	: 0.0414608
							},
							"rot"	: 
							{
								"e0"	: 0.707107,
								"e1"	: -0.707107,
								"e2"	: 4.06675e-17,
								"e3"	: -4.06675e-17
							}
						}
					},
					"frame2"	: 
					{
						"m_csys"	: 
						{
							"pos"	: 
							{
								"x"	: -0.000139084,
								"y"	: 0.000107871,
								"z"	: 0.0454036
							},
							"rot"	: 
							{
								"e0"	: 1,
								"e1"	: 4.89744e-17,
								"e2"	: 2.53582e-17,
								"e3"	: 1.2419e-33
							}
						}
					},
					"c_x"	: false,
					"c_y"	: false,
					"c_z"	: false,
					"c_rx"	: true,
					"c_ry"	: true,
					"c_rz"	: false,
					"m_flipped"	: true
				},
				{ 
					"_type"	: "ChLinkMateParallel",
					"_object_ID"	: 34,
					"m_name"	: "Concentric1",
					"m_tag"	: -1,
					"ChTime"	: 0,
					"visual_model"	: 
					{ 
						"_reference_ID"	: 0
					},
					"cameras"	: 
					[ 
					],
					"disabled"	: false,
					"valid"	: true,
					"broken"	: false,
					"m_body1"	: 
					{ 
						"_type"	: "ChBodyAuxRef",
						"_reference_ID"	: 2
					},
					"m_body2"	: 
					{ 
						"_type"	: "ChBodyAuxRef",
						"_reference_ID"	: 8
					},
					"frame1"	: 
					{
						"m_csys"	: 
						{
							"pos"	: 
							{
								"x"	: -0.201169,
								"y"	: 0.1843,
								"z"	: 0.0178438
							},
							"rot"	: 
							{
								"e0"	: 0.707107,
								"e1"	: -0.707107,
								"e2"	: 4.06675e-17,
								"e3"	: -4.06675e-17
							}
						}
					},
					"frame2"	: 
					{
						"m_csys"	: 
						{
							"pos"	: 
							{
								"x"	: 2.99451e-19,
								"y"	: -0,
								"z"	: -0.00539443
							},
							"rot"	: 
							{
								"e0"	: 1,
								"e1"	: 2.30047e-17,
								"e2"	: 2.49558e-17,
								"e3"	: 5.74098e-34
							}
						}
					},
					"c_x"	: false,
					"c_y"	: false,
					"c_z"	: false,
					"c_rx"	: true,
					"c_ry"	: true,
					"c_rz"	: false,
					"m_flipped"	: true
				},
				{ 
					"_type"	: "ChLinkMateGeneric",
					"_object_ID"	: 35,
					"m_name"	: "Concentric1",
					"m_tag"	: -1,
					"ChTime"	: 0,
					"visual_model"	: 
					{ 
						"_reference_ID"	: 0
					},
					"cameras"	: 
					[ 
					],
					"disabled"	: false,
					"valid"	: true,
					"broken"	: false,
					"m_body1"	: 
					{ 
						"_type"	: "ChBodyAuxRef",
						"_reference_ID"	: 2
					},
					"m_body2"	: 
					{ 
						"_type"	: "ChBodyAuxRef",
						"_reference_ID"	: 8
					},
					"frame1"	: 
					{
						"m_csys"	: 
						{
							"pos"	: 
							{
								"x"	: -0.201169,
								"y"	: 0.1843,
								"z"	: 0.0178438
							},
							"rot"	: 
							{
								"e0"	: 0.707107,
								"e1"	: 0.707107,
								"e2"	: -4.06675e-17,
								"e3"	: -4.06675e-17
							}
						}
					},
					"frame2"	: 
					{
						"m_csys"	: 
						{
							"pos"	: 
							{
								"x"	: 2.99451e-19,
								"y"	: -0,
								"z"	: -0.00539443
							},
							"rot"	: 
							{
								"e0"	: 1,
								"e1"	: 2.30047e-17,
								"e2"	: 2.49558e-17,
								"e3"	: 5.74098e-34
							}
						}
					},
					"c_x"	: true,
					"c_y"	: true,
					"c_z"	: false,
					"c_rx"	: false,
					"c_ry"	: false,
					"c_rz"	: false
				},
				{ 
					"_type"	: "ChLinkMateParallel",
					"_object_ID"	: 36,
					"m_name"	: "Concentric3",
					"m_tag"	: -1,
					"ChTime"	: 0,
					"visual_model"	: 
					{ 
						"_reference_ID"	: 0
					},
					"cameras"	: 
					[ 
					],
					"disabled"	: false,
					"valid"	: true,
					"broken"	: false,
					"m_body1"	: 
					{ 
						"_type"	: "ChBodyAuxRef",
						"_reference_ID"	: 2
					},
					"m_body2"	: 
					{ 
						"_type"	: "ChBodyAuxRef",
						"_reference_ID"	: 17
					},
					"frame1"	: 
					{
						"m_csys"	: 
						{
							"pos"	: 
							{
								"x"	: -0.261238,
								"y"	: 0.1843,
								"z"	: 0.0414608
							},
							"rot"	: 
							{
								"e0"	: 0.707107,
								"e1"	: -0.707107,
								"e2"	: 4.06675e-17,
								"e3"	: -4.06675e-17
							}
						}
					},
					"frame2"	: 
					{
						"m_csys"	: 
						{
							"pos"	: 
							{
								"x"	: -3.1225e-19,
								"y"	: -5.55112e-19,
								"z"	: 0.0025
							},
							"rot"	: 
							{
								"e0"	: -9.78084e-17,
								"e1"	: 1,
								"e2"	: -6.33409e-34,
								"e3"	: 6.47602e-18
							}
						}
					},
					"c_x"	: false,
					"c_y"	: false,
					"c_z"	: false,
					"c_rx"	: true,
					"c_ry"	: true,
					"c_rz"	: false,
					"m_flipped"	: true
				},
				{ 
					"_type"	: "ChLinkMateGeneric",
					"_object_ID"	: 37,
					"m_name"	: "Concentric3",
					"m_tag"	: -1,
					"ChTime"	: 0,
					"visual_model"	: 
					{ 
						"_reference_ID"	: 0
					},
					"cameras"	: 
					[ 
					],
					"disabled"	: false,
					"valid"	: true,
					"broken"	: false,
					"m_body1"	: 
					{ 
						"_type"	: "ChBodyAuxRef",
						"_reference_ID"	: 2
					},
					"m_body2"	: 
					{ 
						"_type"	: "ChBodyAuxRef",
						"_reference_ID"	: 17
					},
					"frame1"	: 
					{
						"m_csys"	: 
						{
							"pos"	: 
							{
								"x"	: -0.261238,
								"y"	: 0.1843,
								"z"	: 0.0414608
							},
							"rot"	: 
							{
								"e0"	: 0.707107,
								"e1"	: 0.707107,
								"e2"	: -4.06675e-17,
								"e3"	: -4.06675e-17
							}
						}
					},
					"frame2"	: 
					{
						"m_csys"	: 
						{
							"pos"	: 
							{
								"x"	: -3.1225e-19,
								"y"	: -5.55112e-19,
								"z"	: 0.0025
							},
							"rot"	: 
							{
								"e0"	: -9.78084e-17,
								"e1"	: 1,
								"e2"	: -6.33409e-34,
								"e3"	: 6.47602e-18
							}
						}
					},
					"c_x"	: true,
					"c_y"	: true,
					"c_z"	: false,
					"c_rx"	: false,
					"c_ry"	: false,
					"c_rz"	: false
				},
				{ 
					"_type"	: "ChLinkMateParallel",
					"_object_ID"	: 38,
					"m_name"	: "Concentric4",
					"m_tag"	: -1,
					"ChTime"	: 0,
					"visual_model"	: 
					{ 
						"_reference_ID"	: 0
					},
					"cameras"	: 
					[ 
					],
					"disabled"	: false,
					"valid"	: true,
					"broken"	: false,
					"m_body1"	: 
					{ 
						"_type"	: "ChBodyAuxRef",
						"_reference_ID"	: 2
					},
					"m_body2"	: 
					{ 
						"_type"	: "ChBodyAuxRef",
						"_reference_ID"	: 14
					},
					"frame1"	: 
					{
						"m_csys"	: 
						{
							"pos"	: 
							{
								"x"	: -0.261238,
								"y"	: -0.1843,
								"z"	: 0.0414608
							},
							"rot"	: 
							{
								"e0"	: 0.707107,
								"e1"	: 0.707107,
								"e2"	: 4.06675e-17,
								"e3"	: 4.06675e-17
							}
						}
					},
					"frame2"	: 
					{
						"m_csys"	: 
						{
							"pos"	: 
							{
								"x"	: 2.87563e-19,
								"y"	: 5.55112e-19,
								"z"	: 0.0025
							},
							"rot"	: 
							{
								"e0"	: 1.11022e-16,
								"e1"	: 1,
								"e2"	: 1.36846e-48,
								"e3"	: 1.2326e-32
							}
						}
					},
					"c_x"	: false,
					"c_y"	: false,
					"c_z"	: false,
					"c_rx"	: true,
					"c_ry"	: true,
					"c_rz"	: false,
					"m_flipped"	: true
				},
				{ 
					"_type"	: "ChLinkMateGeneric",
					"_object_ID"	: 39,
					"m_name"	: "Concentric4",
					"m_tag"	: -1,
					"ChTime"	: 0,
					"visual_model"	: 
					{ 
						"_reference_ID"	: 0
					},
					"cameras"	: 
					[ 
					],
					"disabled"	: false,
					"valid"	: true,
					"broken"	: false,
					"m_body1"	: 
					{ 
						"_type"	: "ChBodyAuxRef",
						"_reference_ID"	: 2
					},
					"m_body2"	: 
					{ 
						"_type"	: "ChBodyAuxRef",
						"_reference_ID"	: 14
					},
					"frame1"	: 
					{
						"m_csys"	: 
						{
							"pos"	: 
							{
								"x"	: -0.261238,
								"y"	: -0.1843,
								"z"	: 0.0414608
							},
							"rot"	: 
							{
								"e0"	: 0.707107,
								"e1"	: -0.707107,
								"e2"	: -4.06675e-17,
								"e3"	: 4.06675e-17
							}
						}
					},
					"frame2"	: 
					{
						"m_csys"	: 
						{
							"pos"	: 
							{
								"x"	: 2.87563e-19,
								"y"	: 5.55112e-19,
								"z"	: 0.0025
							},
							"rot"	: 
							{
								"e0"	: 1.11022e-16,
								"e1"	: 1,
								"e2"	: 1.36846e-48,
								"e3"	: 1.2326e-32
							}
						}
					},
					"c_x"	: true,
					"c_y"	: true,
					"c_z"	: false,
					"c_rx"	: false,
					"c_ry"	: false,
					"c_rz"	: false
				},
				{ 
					"_type"	: "ChLinkMateParallel",
					"_object_ID"	: 40,
					"m_name"	: "Concentric5",
					"m_tag"	: -1,
					"ChTime"	: 0,
					"visual_model"	: 
					{ 
						"_reference_ID"	: 0
					},
					"cameras"	: 
					[ 
					],
					"disabled"	: false,
					"valid"	: true,
					"broken"	: false,
					"m_body1"	: 
					{ 
						"_type"	: "ChBodyAuxRef",
						"_reference_ID"	: 2
					},
					"m_body2"	: 
					{ 
						"_type"	: "ChBodyAuxRef",
						"_reference_ID"	: 29
					},
					"frame1"	: 
					{
						"m_csys"	: 
						{
							"pos"	: 
							{
								"x"	: -0.201169,
								"y"	: -0.1843,
								"z"	: 0.0178438
							},
							"rot"	: 
							{
								"e0"	: 0.707107,
								"e1"	: 0.707107,
								"e2"	: 4.06675e-17,
								"e3"	: 4.06675e-17
							}
						}
					},
					"frame2"	: 
					{
						"m_csys"	: 
						{
							"pos"	: 
							{
								"x"	: 5.98902e-19,
								"y"	: 0,
								"z"	: -0.00539443
							},
							"rot"	: 
							{
								"e0"	: 1,
								"e1"	: -2.92136e-17,
								"e2"	: -5.97061e-18,
								"e3"	: 1.74423e-34
							}
						}
					},
					"c_x"	: false,
					"c_y"	: false,
					"c_z"	: false,
					"c_rx"	: true,
					"c_ry"	: true,
					"c_rz"	: false,
					"m_flipped"	: true
				},
				{ 
					"_type"	: "ChLinkMateGeneric",
					"_object_ID"	: 41,
					"m_name"	: "Concentric5",
					"m_tag"	: -1,
					"ChTime"	: 0,
					"visual_model"	: 
					{ 
						"_reference_ID"	: 0
					},
					"cameras"	: 
					[ 
					],
					"disabled"	: false,
					"valid"	: true,
					"broken"	: false,
					"m_body1"	: 
					{ 
						"_type"	: "ChBodyAuxRef",
						"_reference_ID"	: 2
					},
					"m_body2"	: 
					{ 
						"_type"	: "ChBodyAuxRef",
						"_reference_ID"	: 29
					},
					"frame1"	: 
					{
						"m_csys"	: 
						{
							"pos"	: 
							{
								"x"	: -0.201169,
								"y"	: -0.1843,
								"z"	: 0.0178438
							},
							"rot"	: 
							{
								"e0"	: 0.707107,
								"e1"	: -0.707107,
								"e2"	: -4.06675e-17,
								"e3"	: 4.06675e-17
							}
						}
					},
					"frame2"	: 
					{
						"m_csys"	: 
						{
							"pos"	: 
							{
								"x"	: 5.98902e-19,
								"y"	: 0,
								"z"	: -0.00539443
							},
							"rot"	: 
							{
								"e0"	: 1,
								"e1"	: -2.92136e-17,
								"e2"	: -5.97061e-18,
								"e3"	: 1.74423e-34
							}
						}
					},
					"c_x"	: true,
					"c_y"	: true,
					"c_z"	: false,
					"c_rx"	: false,
					"c_ry"	: false,
					"c_rz"	: false
				},
				{ 
					"_type"	: "ChLinkMateDistanceZ",
					"_object_ID"	: 42,
					"m_name"	: "Coincident6",
					"m_tag"	: -1,
					"ChTime"	: 0,
					"visual_model"	: 
					{ 
						"_reference_ID"	: 0
					},
					"cameras"	: 
					[ 
					],
					"disabled"	: false,
					"valid"	: true,
					"broken"	: false,
					"m_body1"	: 
					{ 
						"_type"	: "ChBodyAuxRef",
						"_reference_ID"	: 2
					},
					"m_body2"	: 
					{ 
						"_type"	: "ChBodyAuxRef",
						"_reference_ID"	: 29
					},
					"frame1"	: 
					{
						"m_csys"	: 
						{
							"pos"	: 
							{
								"x"	: -0.261238,
								"y"	: -0.1843,
								"z"	: 0.0414608
							},
							"rot"	: 
							{
								"e0"	: 0.707107,
								"e1"	: -0.707107,
								"e2"	: -4.06675e-17,
								"e3"	: 4.06675e-17
							}
						}
					},
					"frame2"	: 
					{
						"m_csys"	: 
						{
							"pos"	: 
							{
								"x"	: 5.98902e-19,
								"y"	: 0,
								"z"	: -0.00539443
							},
							"rot"	: 
							{
								"e0"	: 2.92136e-17,
								"e1"	: 1,
								"e2"	: 1.74423e-34,
								"e3"	: 5.97061e-18
							}
						}
					},
					"c_x"	: false,
					"c_y"	: false,
					"c_z"	: true,
					"c_rx"	: false,
					"c_ry"	: false,
					"c_rz"	: false,
					"m_distance"	: -0
				},
				{ 
					"_type"	: "ChLinkMateParallel",
					"_object_ID"	: 43,
					"m_name"	: "Coincident6",
					"m_tag"	: -1,
					"ChTime"	: 0,
					"visual_model"	: 
					{ 
						"_reference_ID"	: 0
					},
					"cameras"	: 
					[ 
					],
					"disabled"	: false,
					"valid"	: true,
					"broken"	: false,
					"m_body1"	: 
					{ 
						"_type"	: "ChBodyAuxRef",
						"_reference_ID"	: 2
					},
					"m_body2"	: 
					{ 
						"_type"	: "ChBodyAuxRef",
						"_reference_ID"	: 29
					},
					"frame1"	: 
					{
						"m_csys"	: 
						{
							"pos"	: 
							{
								"x"	: -0.261238,
								"y"	: -0.1843,
								"z"	: 0.0414608
							},
							"rot"	: 
							{
								"e0"	: 0.707107,
								"e1"	: -0.707107,
								"e2"	: -4.06675e-17,
								"e3"	: 4.06675e-17
							}
						}
					},
					"frame2"	: 
					{
						"m_csys"	: 
						{
							"pos"	: 
							{
								"x"	: 5.98902e-19,
								"y"	: 0,
								"z"	: -0.00539443
							},
							"rot"	: 
							{
								"e0"	: 2.92136e-17,
								"e1"	: 1,
								"e2"	: 1.74423e-34,
								"e3"	: 5.97061e-18
							}
						}
					},
					"c_x"	: false,
					"c_y"	: false,
					"c_z"	: false,
					"c_rx"	: true,
					"c_ry"	: true,
					"c_rz"	: false,
					"m_flipped"	: true
				},
				{ 
					"_type"	: "ChLinkMateDistanceZ",
					"_object_ID"	: 44,
					"m_name"	: "Coincident7",
					"m_tag"	: -1,
					"ChTime"	: 0,
					"visual_model"	: 
					{ 
						"_reference_ID"	: 0
					},
					"cameras"	: 
					[ 
					],
					"disabled"	: false,
					"valid"	: true,
					"broken"	: false,
					"m_body1"	: 
					{ 
						"_type"	: "ChBodyAuxRef",
						"_reference_ID"	: 2
					},
					"m_body2"	: 
					{ 
						"_type"	: "ChBodyAuxRef",
						"_reference_ID"	: 8
					},
					"frame1"	: 
					{
						"m_csys"	: 
						{
							"pos"	: 
							{
								"x"	: -0.261238,
								"y"	: 0.1843,
								"z"	: 0.0414608
							},
							"rot"	: 
							{
								"e0"	: 0.707107,
								"e1"	: 0.707107,
								"e2"	: -4.06675e-17,
								"e3"	: -4.06675e-17
							}
						}
					},
					"frame2"	: 
					{
						"m_csys"	: 
						{
							"pos"	: 
							{
								"x"	: 2.99451e-19,
								"y"	: -0,
								"z"	: -0.00539443
							},
							"rot"	: 
							{
								"e0"	: -2.30047e-17,
								"e1"	: 1,
								"e2"	: 5.74098e-34,
								"e3"	: -2.49558e-17
							}
						}
					},
					"c_x"	: false,
					"c_y"	: false,
					"c_z"	: true,
					"c_rx"	: false,
					"c_ry"	: false,
					"c_rz"	: false,
					"m_distance"	: -0
				},
				{ 
					"_type"	: "ChLinkMateParallel",
					"_object_ID"	: 45,
					"m_name"	: "Coincident7",
					"m_tag"	: -1,
					"ChTime"	: 0,
					"visual_model"	: 
					{ 
						"_reference_ID"	: 0
					},
					"cameras"	: 
					[ 
					],
					"disabled"	: false,
					"valid"	: true,
					"broken"	: false,
					"m_body1"	: 
					{ 
						"_type"	: "ChBodyAuxRef",
						"_reference_ID"	: 2
					},
					"m_body2"	: 
					{ 
						"_type"	: "ChBodyAuxRef",
						"_reference_ID"	: 8
					},
					"frame1"	: 
					{
						"m_csys"	: 
						{
							"pos"	: 
							{
								"x"	: -0.261238,
								"y"	: 0.1843,
								"z"	: 0.0414608
							},
							"rot"	: 
							{
								"e0"	: 0.707107,
								"e1"	: 0.707107,
								"e2"	: -4.06675e-17,
								"e3"	: -4.06675e-17
							}
						}
					},
					"frame2"	: 
					{
						"m_csys"	: 
						{
							"pos"	: 
							{
								"x"	: 2.99451e-19,
								"y"	: -0,
								"z"	: -0.00539443
							},
							"rot"	: 
							{
								"e0"	: -2.30047e-17,
								"e1"	: 1,
								"e2"	: 5.74098e-34,
								"e3"	: -2.49558e-17
							}
						}
					},
					"c_x"	: false,
					"c_y"	: false,
					"c_z"	: false,
					"c_rx"	: true,
					"c_ry"	: true,
					"c_rz"	: false,
					"m_flipped"	: true
				},
				{ 
					"_type"	: "ChLinkMateDistanceZ",
					"_object_ID"	: 46,
					"m_name"	: "Coincident8",
					"m_tag"	: -1,
					"ChTime"	: 0,
					"visual_model"	: 
					{ 
						"_reference_ID"	: 0
					},
					"cameras"	: 
					[ 
					],
					"disabled"	: false,
					"valid"	: true,
					"broken"	: false,
					"m_body1"	: 
					{ 
						"_type"	: "ChBodyAuxRef",
						"_reference_ID"	: 8
					},
					"m_body2"	: 
					{ 
						"_type"	: "ChBodyAuxRef",
						"_reference_ID"	: 17
					},
					"frame1"	: 
					{
						"m_csys"	: 
						{
							"pos"	: 
							{
								"x"	: -2.00149e-19,
								"y"	: 0,
								"z"	: 0.00360557
							},
							"rot"	: 
							{
								"e0"	: 1,
								"e1"	: 2.30047e-17,
								"e2"	: 2.49558e-17,
								"e3"	: 5.74098e-34
							}
						}
					},
					"frame2"	: 
					{
						"m_csys"	: 
						{
							"pos"	: 
							{
								"x"	: 3.1225e-19,
								"y"	: 5.55112e-19,
								"z"	: -0.0025
							},
							"rot"	: 
							{
								"e0"	: -9.78084e-17,
								"e1"	: 1,
								"e2"	: -6.33409e-34,
								"e3"	: 6.47602e-18
							}
						}
					},
					"c_x"	: false,
					"c_y"	: false,
					"c_z"	: true,
					"c_rx"	: false,
					"c_ry"	: false,
					"c_rz"	: false,
					"m_distance"	: -0
				},
				{ 
					"_type"	: "ChLinkMateParallel",
					"_object_ID"	: 47,
					"m_name"	: "Coincident8",
					"m_tag"	: -1,
					"ChTime"	: 0,
					"visual_model"	: 
					{ 
						"_reference_ID"	: 0
					},
					"cameras"	: 
					[ 
					],
					"disabled"	: false,
					"valid"	: true,
					"broken"	: false,
					"m_body1"	: 
					{ 
						"_type"	: "ChBodyAuxRef",
						"_reference_ID"	: 8
					},
					"m_body2"	: 
					{ 
						"_type"	: "ChBodyAuxRef",
						"_reference_ID"	: 17
					},
					"frame1"	: 
					{
						"m_csys"	: 
						{
							"pos"	: 
							{
								"x"	: -2.00149e-19,
								"y"	: 0,
								"z"	: 0.00360557
							},
							"rot"	: 
							{
								"e0"	: 1,
								"e1"	: 2.30047e-17,
								"e2"	: 2.49558e-17,
								"e3"	: 5.74098e-34
							}
						}
					},
					"frame2"	: 
					{
						"m_csys"	: 
						{
							"pos"	: 
							{
								"x"	: 3.1225e-19,
								"y"	: 5.55112e-19,
								"z"	: -0.0025
							},
							"rot"	: 
							{
								"e0"	: -9.78084e-17,
								"e1"	: 1,
								"e2"	: -6.33409e-34,
								"e3"	: 6.47602e-18
							}
						}
					},
					"c_x"	: false,
					"c_y"	: false,
					"c_z"	: false,
					"c_rx"	: true,
					"c_ry"	: true,
					"c_rz"	: false,
					"m_flipped"	: false
				},
				{ 
					"_type"	: "ChLinkMateDistanceZ",
					"_object_ID"	: 48,
					"m_name"	: "Coincident9",
					"m_tag"	: -1,
					"ChTime"	: 0,
					"visual_model"	: 
					{ 
						"_reference_ID"	: 0
					},
					"cameras"	: 
					[ 
					],
					"disabled"	: false,
					"valid"	: true,
					"broken"	: false,
					"m_body1"	: 
					{ 
						"_type"	: "ChBodyAuxRef",
						"_reference_ID"	: 14
					},
					"m_body2"	: 
					{ 
						"_type"	: "ChBodyAuxRef",
						"_reference_ID"	: 29
					},
					"frame1"	: 
					{
						"m_csys"	: 
						{
							"pos"	: 
							{
								"x"	: -2.87563e-19,
								"y"	: -5.55112e-19,
								"z"	: -0.0025
							},
							"rot"	: 
							{
								"e0"	: 1.11022e-16,
								"e1"	: 1,
								"e2"	: -1.64215e-47,
								"e3"	: -1.47911e-31
							}
						}
					},
					"frame2"	: 
					{
						"m_csys"	: 
						{
							"pos"	: 
							{
								"x"	: -4.00298e-19,
								"y"	: 0,
								"z"	: 0.00360557
							},
							"rot"	: 
							{
								"e0"	: 1,
								"e1"	: -2.92136e-17,
								"e2"	: -5.97061e-18,
								"e3"	: 1.74423e-34
							}
						}
					},
					"c_x"	: false,
					"c_y"	: false,
					"c_z"	: true,
					"c_rx"	: false,
					"c_ry"	: false,
					"c_rz"	: false,
					"m_distance"	: -0
				},
				{ 
					"_type"	: "ChLinkMateParallel",
					"_object_ID"	: 49,
					"m_name"	: "Coincident9",
					"m_tag"	: -1,
					"ChTime"	: 0,
					"visual_model"	: 
					{ 
						"_reference_ID"	: 0
					},
					"cameras"	: 
					[ 
					],
					"disabled"	: false,
					"valid"	: true,
					"broken"	: false,
					"m_body1"	: 
					{ 
						"_type"	: "ChBodyAuxRef",
						"_reference_ID"	: 14
					},
					"m_body2"	: 
					{ 
						"_type"	: "ChBodyAuxRef",
						"_reference_ID"	: 29
					},
					"frame1"	: 
					{
						"m_csys"	: 
						{
							"pos"	: 
							{
								"x"	: -2.87563e-19,
								"y"	: -5.55112e-19,
								"z"	: -0.0025
							},
							"rot"	: 
							{
								"e0"	: 1.11022e-16,
								"e1"	: 1,
								"e2"	: 1.36846e-48,
								"e3"	: 1.2326e-32
							}
						}
					},
					"frame2"	: 
					{
						"m_csys"	: 
						{
							"pos"	: 
							{
								"x"	: -4.00298e-19,
								"y"	: 0,
								"z"	: 0.00360557
							},
							"rot"	: 
							{
								"e0"	: 1,
								"e1"	: -2.92136e-17,
								"e2"	: -5.97061e-18,
								"e3"	: 1.74423e-34
							}
						}
					},
					"c_x"	: false,
					"c_y"	: false,
					"c_z"	: false,
					"c_rx"	: true,
					"c_ry"	: true,
					"c_rz"	: false,
					"m_flipped"	: false
				},
				{ 
					"_type"	: "ChLinkMateDistanceZ",
					"_object_ID"	: 50,
					"m_name"	: "Coincident11",
					"m_tag"	: -1,
					"ChTime"	: 0,
					"visual_model"	: 
					{ 
						"_reference_ID"	: 0
					},
					"cameras"	: 
					[ 
					],
					"disabled"	: false,
					"valid"	: true,
					"broken"	: false,
					"m_body1"	: 
					{ 
						"_type"	: "ChBodyAuxRef",
						"_reference_ID"	: 11
					},
					"m_body2"	: 
					{ 
						"_type"	: "ChBodyAuxRef",
						"_reference_ID"	: 17
					},
					"frame1"	: 
					{
						"m_csys"	: 
						{
							"pos"	: 
							{
								"x"	: -1.38778e-19,
								"y"	: 0,
								"z"	: -0.0025
							},
							"rot"	: 
							{
								"e0"	: -5.27959e-17,
								"e1"	: 1,
								"e2"	: 2.61117e-34,
								"e3"	: -4.94578e-18
							}
						}
					},
					"frame2"	: 
					{
						"m_csys"	: 
						{
							"pos"	: 
							{
								"x"	: 3.1225e-19,
								"y"	: 5.55112e-19,
								"z"	: -0.0025
							},
							"rot"	: 
							{
								"e0"	: -9.78084e-17,
								"e1"	: 1,
								"e2"	: -6.33409e-34,
								"e3"	: 6.47602e-18
							}
						}
					},
					"c_x"	: false,
					"c_y"	: false,
					"c_z"	: true,
					"c_rx"	: false,
					"c_ry"	: false,
					"c_rz"	: false,
					"m_distance"	: -0
				},
				{ 
					"_type"	: "ChLinkMateParallel",
					"_object_ID"	: 51,
					"m_name"	: "Coincident11",
					"m_tag"	: -1,
					"ChTime"	: 0,
					"visual_model"	: 
					{ 
						"_reference_ID"	: 0
					},
					"cameras"	: 
					[ 
					],
					"disabled"	: false,
					"valid"	: true,
					"broken"	: false,
					"m_body1"	: 
					{ 
						"_type"	: "ChBodyAuxRef",
						"_reference_ID"	: 11
					},
					"m_body2"	: 
					{ 
						"_type"	: "ChBodyAuxRef",
						"_reference_ID"	: 17
					},
					"frame1"	: 
					{
						"m_csys"	: 
						{
							"pos"	: 
							{
								"x"	: -1.38778e-19,
								"y"	: 0,
								"z"	: -0.0025
							},
							"rot"	: 
							{
								"e0"	: -5.27959e-17,
								"e1"	: 1,
								"e2"	: 2.61117e-34,
								"e3"	: -4.94578e-18
							}
						}
					},
					"frame2"	: 
					{
						"m_csys"	: 
						{
							"pos"	: 
							{
								"x"	: 3.1225e-19,
								"y"	: 5.55112e-19,
								"z"	: -0.0025
							},
							"rot"	: 
							{
								"e0"	: -9.78084e-17,
								"e1"	: 1,
								"e2"	: -6.33409e-34,
								"e3"	: 6.47602e-18
							}
						}
					},
					"c_x"	: false,
					"c_y"	: false,
					"c_z"	: false,
					"c_rx"	: true,
					"c_ry"	: true,
					"c_rz"	: false,
					"m_flipped"	: false
				},
				{ 
					"_type"	: "ChLinkMateDistanceZ",
					"_object_ID"	: 52,
					"m_name"	: "Coincident13",
					"m_tag"	: -1,
					"ChTime"	: 0,
					"visual_model"	: 
					{ 
						"_reference_ID"	: 0
					},
					"cameras"	: 
					[ 
					],
					"disabled"	: false,
					"valid"	: true,
					"broken"	: false,
					"m_body1"	: 
					{ 
						"_type"	: "ChBodyAuxRef",
						"_reference_ID"	: 14
					},
					"m_body2"	: 
					{ 
						"_type"	: "ChBodyAuxRef",
						"_reference_ID"	: 20
					},
					"frame1"	: 
					{
						"m_csys"	: 
						{
							"pos"	: 
							{
								"x"	: -2.87563e-19,
								"y"	: -5.55112e-19,
								"z"	: -0.0025
							},
							"rot"	: 
							{
								"e0"	: -2.01377e-17,
								"e1"	: 1,
								"e2"	: -3.56675e-33,
								"e3"	: 1.77119e-16
							}
						}
					},
					"frame2"	: 
					{
						"m_csys"	: 
						{
							"pos"	: 
							{
								"x"	: 1.38778e-18,
								"y"	: 0,
								"z"	: -0.0025
							},
							"rot"	: 
							{
								"e0"	: -3.87507e-17,
								"e1"	: 1,
								"e2"	: -4.48008e-34,
								"e3"	: 1.15613e-17
							}
						}
					},
					"c_x"	: false,
					"c_y"	: false,
					"c_z"	: true,
					"c_rx"	: false,
					"c_ry"	: false,
					"c_rz"	: false,
					"m_distance"	: -0
				},
				{ 
					"_type"	: "ChLinkMateParallel",
					"_object_ID"	: 53,
					"m_name"	: "Coincident13",
					"m_tag"	: -1,
					"ChTime"	: 0,
					"visual_model"	: 
					{ 
						"_reference_ID"	: 0
					},
					"cameras"	: 
					[ 
					],
					"disabled"	: false,
					"valid"	: true,
					"broken"	: false,
					"m_body1"	: 
					{ 
						"_type"	: "ChBodyAuxRef",
						"_reference_ID"	: 14
					},
					"m_body2"	: 
					{ 
						"_type"	: "ChBodyAuxRef",
						"_reference_ID"	: 20
					},
					"frame1"	: 
					{
						"m_csys"	: 
						{
							"pos"	: 
							{
								"x"	: -2.87563e-19,
								"y"	: -5.55112e-19,
								"z"	: -0.0025
							},
							"rot"	: 
							{
								"e0"	: 1.11022e-16,
								"e1"	: 1,
								"e2"	: 1.36846e-48,
								"e3"	: 1.2326e-32
							}
						}
					},
					"frame2"	: 
					{
						"m_csys"	: 
						{
							"pos"	: 
							{
								"x"	: 1.38778e-18,
								"y"	: 0,
								"z"	: -0.0025
							},
							"rot"	: 
							{
								"e0"	: -3.87507e-17,
								"e1"	: 1,
								"e2"	: -4.48008e-34,
								"e3"	: 1.15613e-17
							}
						}
					},
					"c_x"	: false,
					"c_y"	: false,
					"c_z"	: false,
					"c_rx"	: true,
					"c_ry"	: true,
					"c_rz"	: false,
					"m_flipped"	: false
				},
				{ 
					"_type"	: "ChLinkMateParallel",
					"_object_ID"	: 54,
					"m_name"	: "Concentric16",
					"m_tag"	: -1,
					"ChTime"	: 0,
					"visual_model"	: 
					{ 
						"_reference_ID"	: 0
					},
					"cameras"	: 
					[ 
					],
					"disabled"	: false,
					"valid"	: true,
					"broken"	: false,
					"m_body1"	: 
					{ 
						"_type"	: "ChBodyAuxRef",
						"_reference_ID"	: 2
					},
					"m_body2"	: 
					{ 
						"_type"	: "ChBodyAuxRef",
						"_reference_ID"	: 23
					},
					"frame1"	: 
					{
						"m_csys"	: 
						{
							"pos"	: 
							{
								"x"	: -0.261238,
								"y"	: 0.1843,
								"z"	: 0.0414608
							},
							"rot"	: 
							{
								"e0"	: 0.707107,
								"e1"	: -0.707107,
								"e2"	: 4.06675e-17,
								"e3"	: -4.06675e-17
							}
						}
					},
					"frame2"	: 
					{
						"m_csys"	: 
						{
							"pos"	: 
							{
								"x"	: -8.92767e-10,
								"y"	: -8.92767e-10,
								"z"	: 0.175
							},
							"rot"	: 
							{
								"e0"	: 3.79446e-17,
								"e1"	: 1,
								"e2"	: -1.51958e-33,
								"e3"	: -4.00474e-17
							}
						}
					},
					"c_x"	: false,
					"c_y"	: false,
					"c_z"	: false,
					"c_rx"	: true,
					"c_ry"	: true,
					"c_rz"	: false,
					"m_flipped"	: true
				},
				{ 
					"_type"	: "ChLinkMateGeneric",
					"_object_ID"	: 55,
					"m_name"	: "Concentric16",
					"m_tag"	: -1,
					"ChTime"	: 0,
					"visual_model"	: 
					{ 
						"_reference_ID"	: 0
					},
					"cameras"	: 
					[ 
					],
					"disabled"	: false,
					"valid"	: true,
					"broken"	: false,
					"m_body1"	: 
					{ 
						"_type"	: "ChBodyAuxRef",
						"_reference_ID"	: 2
					},
					"m_body2"	: 
					{ 
						"_type"	: "ChBodyAuxRef",
						"_reference_ID"	: 23
					},
					"frame1"	: 
					{
						"m_csys"	: 
						{
							"pos"	: 
							{
								"x"	: -0.261238,
								"y"	: 0.1843,
								"z"	: 0.0414608
							},
							"rot"	: 
							{
								"e0"	: 0.707107,
								"e1"	: 0.707107,
								"e2"	: -4.06675e-17,
								"e3"	: -4.06675e-17
							}
						}
					},
					"frame2"	: 
					{
						"m_csys"	: 
						{
							"pos"	: 
							{
								"x"	: -8.92767e-10,
								"y"	: -8.92767e-10,
								"z"	: 0.175
							},
							"rot"	: 
							{
								"e0"	: 3.79446e-17,
								"e1"	: 1,
								"e2"	: -1.51958e-33,
								"e3"	: -4.00474e-17
							}
						}
					},
					"c_x"	: true,
					"c_y"	: true,
					"c_z"	: false,
					"c_rx"	: false,
					"c_ry"	: false,
					"c_rz"	: false
				},
				{ 
					"_type"	: "ChLinkMateParallel",
					"_object_ID"	: 56,
					"m_name"	: "Concentric18",
					"m_tag"	: -1,
					"ChTime"	: 0,
					"visual_model"	: 
					{ 
						"_reference_ID"	: 0
					},
					"cameras"	: 
					[ 
					],
					"disabled"	: false,
					"valid"	: true,
					"broken"	: false,
					"m_body1"	: 
					{ 
						"_type"	: "ChBodyAuxRef",
						"_reference_ID"	: 2
					},
					"m_body2"	: 
					{ 
						"_type"	: "ChBodyAuxRef",
						"_reference_ID"	: 20
					},
					"frame1"	: 
					{
						"m_csys"	: 
						{
							"pos"	: 
							{
								"x"	: -0.231281,
								"y"	: -0.1843,
								"z"	: 0.0149543
							},
							"rot"	: 
							{
								"e0"	: 0.707107,
								"e1"	: 0.707107,
								"e2"	: 4.06675e-17,
								"e3"	: 4.06675e-17
							}
						}
					},
					"frame2"	: 
					{
						"m_csys"	: 
						{
							"pos"	: 
							{
								"x"	: -1.38778e-18,
								"y"	: 0,
								"z"	: 0.0025
							},
							"rot"	: 
							{
								"e0"	: -3.87507e-17,
								"e1"	: 1,
								"e2"	: -4.48008e-34,
								"e3"	: 1.15613e-17
							}
						}
					},
					"c_x"	: false,
					"c_y"	: false,
					"c_z"	: false,
					"c_rx"	: true,
					"c_ry"	: true,
					"c_rz"	: false,
					"m_flipped"	: true
				},
				{ 
					"_type"	: "ChLinkMateGeneric",
					"_object_ID"	: 57,
					"m_name"	: "Concentric18",
					"m_tag"	: -1,
					"ChTime"	: 0,
					"visual_model"	: 
					{ 
						"_reference_ID"	: 0
					},
					"cameras"	: 
					[ 
					],
					"disabled"	: false,
					"valid"	: true,
					"broken"	: false,
					"m_body1"	: 
					{ 
						"_type"	: "ChBodyAuxRef",
						"_reference_ID"	: 2
					},
					"m_body2"	: 
					{ 
						"_type"	: "ChBodyAuxRef",
						"_reference_ID"	: 20
					},
					"frame1"	: 
					{
						"m_csys"	: 
						{
							"pos"	: 
							{
								"x"	: -0.231281,
								"y"	: -0.1843,
								"z"	: 0.0149543
							},
							"rot"	: 
							{
								"e0"	: 0.707107,
								"e1"	: -0.707107,
								"e2"	: -4.06675e-17,
								"e3"	: 4.06675e-17
							}
						}
					},
					"frame2"	: 
					{
						"m_csys"	: 
						{
							"pos"	: 
							{
								"x"	: -1.38778e-18,
								"y"	: 0,
								"z"	: 0.0025
							},
							"rot"	: 
							{
								"e0"	: -3.87507e-17,
								"e1"	: 1,
								"e2"	: -4.48008e-34,
								"e3"	: 1.15613e-17
							}
						}
					},
					"c_x"	: true,
					"c_y"	: true,
					"c_z"	: false,
					"c_rx"	: false,
					"c_ry"	: false,
					"c_rz"	: false
				},
				{ 
					"_type"	: "ChLinkMateParallel",
					"_object_ID"	: 58,
					"m_name"	: "Concentric19",
					"m_tag"	: -1,
					"ChTime"	: 0,
					"visual_model"	: 
					{ 
						"_reference_ID"	: 0
					},
					"cameras"	: 
					[ 
					],
					"disabled"	: false,
					"valid"	: true,
					"broken"	: false,
					"m_body1"	: 
					{ 
						"_type"	: "ChBodyAuxRef",
						"_reference_ID"	: 2
					},
					"m_body2"	: 
					{ 
						"_type"	: "ChBodyAuxRef",
						"_reference_ID"	: 11
					},
					"frame1"	: 
					{
						"m_csys"	: 
						{
							"pos"	: 
							{
								"x"	: -0.231281,
								"y"	: 0.1843,
								"z"	: 0.0149543
							},
							"rot"	: 
							{
								"e0"	: 0.707107,
								"e1"	: -0.707107,
								"e2"	: 4.06675e-17,
								"e3"	: -4.06675e-17
							}
						}
					},
					"frame2"	: 
					{
						"m_csys"	: 
						{
							"pos"	: 
							{
								"x"	: 1.38778e-19,
								"y"	: 0,
								"z"	: 0.0025
							},
							"rot"	: 
							{
								"e0"	: -5.27959e-17,
								"e1"	: 1,
								"e2"	: 2.61117e-34,
								"e3"	: -4.94578e-18
							}
						}
					},
					"c_x"	: false,
					"c_y"	: false,
					"c_z"	: false,
					"c_rx"	: true,
					"c_ry"	: true,
					"c_rz"	: false,
					"m_flipped"	: true
				},
				{ 
					"_type"	: "ChLinkMateGeneric",
					"_object_ID"	: 59,
					"m_name"	: "Concentric19",
					"m_tag"	: -1,
					"ChTime"	: 0,
					"visual_model"	: 
					{ 
						"_reference_ID"	: 0
					},
					"cameras"	: 
					[ 
					],
					"disabled"	: false,
					"valid"	: true,
					"broken"	: false,
					"m_body1"	: 
					{ 
						"_type"	: "ChBodyAuxRef",
						"_reference_ID"	: 2
					},
					"m_body2"	: 
					{ 
						"_type"	: "ChBodyAuxRef",
						"_reference_ID"	: 11
					},
					"frame1"	: 
					{
						"m_csys"	: 
						{
							"pos"	: 
							{
								"x"	: -0.231281,
								"y"	: 0.1843,
								"z"	: 0.0149543
							},
							"rot"	: 
							{
								"e0"	: 0.707107,
								"e1"	: 0.707107,
								"e2"	: -4.06675e-17,
								"e3"	: -4.06675e-17
							}
						}
					},
					"frame2"	: 
					{
						"m_csys"	: 
						{
							"pos"	: 
							{
								"x"	: 1.38778e-19,
								"y"	: 0,
								"z"	: 0.0025
							},
							"rot"	: 
							{
								"e0"	: -5.27959e-17,
								"e1"	: 1,
								"e2"	: 2.61117e-34,
								"e3"	: -4.94578e-18
							}
						}
					},
					"c_x"	: true,
					"c_y"	: true,
					"c_z"	: false,
					"c_rx"	: false,
					"c_ry"	: false,
					"c_rz"	: false
				},
				{ 
					"_type"	: "ChLinkMateParallel",
					"_object_ID"	: 60,
					"m_name"	: "Concentric20",
					"m_tag"	: -1,
					"ChTime"	: 0,
					"visual_model"	: 
					{ 
						"_reference_ID"	: 0
					},
					"cameras"	: 
					[ 
					],
					"disabled"	: false,
					"valid"	: true,
					"broken"	: false,
					"m_body1"	: 
					{ 
						"_type"	: "ChBodyAuxRef",
						"_reference_ID"	: 2
					},
					"m_body2"	: 
					{ 
						"_type"	: "ChBodyAuxRef",
						"_reference_ID"	: 26
					},
					"frame1"	: 
					{
						"m_csys"	: 
						{
							"pos"	: 
							{
								"x"	: -0.201169,
								"y"	: -0.1843,
								"z"	: 0.0178438
							},
							"rot"	: 
							{
								"e0"	: 0.707107,
								"e1"	: -0.707107,
								"e2"	: -4.06675e-17,
								"e3"	: 4.06675e-17
							}
						}
					},
					"frame2"	: 
					{
						"m_csys"	: 
						{
							"pos"	: 
							{
								"x"	: -1.76454e-05,
								"y"	: -0.000529773,
								"z"	: 0.0371955
							},
							"rot"	: 
							{
								"e0"	: -8.0668e-17,
								"e1"	: 1,
								"e2"	: 1.70164e-33,
								"e3"	: -2.10944e-17
							}
						}
					},
					"c_x"	: false,
					"c_y"	: false,
					"c_z"	: false,
					"c_rx"	: true,
					"c_ry"	: true,
					"c_rz"	: false,
					"m_flipped"	: false
				},
				{ 
					"_type"	: "ChLinkMateGeneric",
					"_object_ID"	: 61,
					"m_name"	: "Concentric20",
					"m_tag"	: -1,
					"ChTime"	: 0,
					"visual_model"	: 
					{ 
						"_reference_ID"	: 0
					},
					"cameras"	: 
					[ 
					],
					"disabled"	: false,
					"valid"	: true,
					"broken"	: false,
					"m_body1"	: 
					{ 
						"_type"	: "ChBodyAuxRef",
						"_reference_ID"	: 2
					},
					"m_body2"	: 
					{ 
						"_type"	: "ChBodyAuxRef",
						"_reference_ID"	: 26
					},
					"frame1"	: 
					{
						"m_csys"	: 
						{
							"pos"	: 
							{
								"x"	: -0.201169,
								"y"	: -0.1843,
								"z"	: 0.0178438
							},
							"rot"	: 
							{
								"e0"	: 0.707107,
								"e1"	: -0.707107,
								"e2"	: -4.06675e-17,
								"e3"	: 4.06675e-17
							}
						}
					},
					"frame2"	: 
					{
						"m_csys"	: 
						{
							"pos"	: 
							{
								"x"	: -1.76454e-05,
								"y"	: -0.000529773,
								"z"	: 0.0371955
							},
							"rot"	: 
							{
								"e0"	: -8.0668e-17,
								"e1"	: 1,
								"e2"	: 1.70164e-33,
								"e3"	: -2.10944e-17
							}
						}
					},
					"c_x"	: true,
					"c_y"	: true,
					"c_z"	: false,
					"c_rx"	: false,
					"c_ry"	: false,
					"c_rz"	: false
				},
				{ 
					"_type"	: "ChLinkMateDistanceZ",
					"_object_ID"	: 62,
					"m_name"	: "Coincident17",
					"m_tag"	: -1,
					"ChTime"	: 0,
					"visual_model"	: 
					{ 
						"_reference_ID"	: 0
					},
					"cameras"	: 
					[ 
					],
					"disabled"	: false,
					"valid"	: true,
					"broken"	: false,
					"m_body1"	: 
					{ 
						"_type"	: "ChBodyAuxRef",
						"_reference_ID"	: 2
					},
					"m_body2"	: 
					{ 
						"_type"	: "ChBodyAuxRef",
						"_reference_ID"	: 26
					},
					"frame1"	: 
					{
						"m_csys"	: 
						{
							"pos"	: 
							{
								"x"	: -0.261238,
								"y"	: -0.1778,
								"z"	: 0.0414608
							},
							"rot"	: 
							{
								"e0"	: 0.707107,
								"e1"	: 0.707107,
								"e2"	: 4.06676e-17,
								"e3"	: 4.06676e-17
							}
						}
					},
					"frame2"	: 
					{
						"m_csys"	: 
						{
							"pos"	: 
							{
								"x"	: -1.76454e-05,
								"y"	: -0.000529773,
								"z"	: 0.0481955
							},
							"rot"	: 
							{
								"e0"	: 1,
								"e1"	: 8.0668e-17,
								"e2"	: 2.10944e-17,
								"e3"	: 1.70164e-33
							}
						}
					},
					"c_x"	: false,
					"c_y"	: false,
					"c_z"	: true,
					"c_rx"	: false,
					"c_ry"	: false,
					"c_rz"	: false,
					"m_distance"	: -0
				},
				{ 
					"_type"	: "ChLinkMateParallel",
					"_object_ID"	: 63,
					"m_name"	: "Coincident17",
					"m_tag"	: -1,
					"ChTime"	: 0,
					"visual_model"	: 
					{ 
						"_reference_ID"	: 0
					},
					"cameras"	: 
					[ 
					],
					"disabled"	: false,
					"valid"	: true,
					"broken"	: false,
					"m_body1"	: 
					{ 
						"_type"	: "ChBodyAuxRef",
						"_reference_ID"	: 2
					},
					"m_body2"	: 
					{ 
						"_type"	: "ChBodyAuxRef",
						"_reference_ID"	: 26
					},
					"frame1"	: 
					{
						"m_csys"	: 
						{
							"pos"	: 
							{
								"x"	: -0.261238,
								"y"	: -0.1778,
								"z"	: 0.0414608
							},
							"rot"	: 
							{
								"e0"	: 0.707107,
								"e1"	: 0.707107,
								"e2"	: 4.06675e-17,
								"e3"	: 4.06675e-17
							}
						}
					},
					"frame2"	: 
					{
						"m_csys"	: 
						{
							"pos"	: 
							{
								"x"	: -1.76454e-05,
								"y"	: -0.000529773,
								"z"	: 0.0481955
							},
							"rot"	: 
							{
								"e0"	: 1,
								"e1"	: 8.0668e-17,
								"e2"	: 2.10944e-17,
								"e3"	: 1.70164e-33
							}
						}
					},
					"c_x"	: false,
					"c_y"	: false,
					"c_z"	: false,
					"c_rx"	: true,
					"c_ry"	: true,
					"c_rz"	: false,
					"m_flipped"	: true
				}
			],
			"meshes"	: 
			[ 
			],
			"other_physics_items"	: 
			[ 
			]
		},
		"G_acc"	: 
		{
			"x"	: 0,
			"y"	: 0,
			"z"	: -9.81
		},
		"ch_time"	: 0,
		"step"	: 0.04,
		"stepcount"	: 0,
		"write_matrix"	: false,
		"use_sleeping"	: false,
		"descriptor"	: 
		{ 
			"_type"	: "ChSystemDescriptor",
			"_object_ID"	: 64,
			"_version_ChSystemDescriptor"	: 0
		},
		"solver"	: 
		{ 
			"_type"	: "ChSolverPSOR",
			"_object_ID"	: 65,
			"_version_class_chrono__ChIterativeSolverVI"	: 0,
			"_version_class_chrono__ChSolver"	: 0,
			"solver_type"	: "Type::PSOR",
			"verbose"	: false,
			"m_max_iterations"	: 50,
			"m_warm_start"	: false,
			"m_tolerance"	: 0,
			"m_omega"	: 1,
			"m_shlambda"	: 1
		},
		"max_penetration_recovery_speed"	: 0.6,
		"composition_strategy"	: 
		{
		}
	}
}
